Author,URL,Points
fernando.lubezki,https://steemit.com/blocktradesworldcup/@fernando.lubezki/the-blocktrades-world-cup-or-my-selections-for-the-finals,4
temitayo-pelumi,https://steemit.com/blocktradesworldcup/@temitayo-pelumi/the-blocktrades-world-cup-or-my-selections-for-the-finals,4
hendersonp,https://steemit.com/blocktradesworldcup/@hendersonp/the-blocktrades-world-cup-or-my-selections-for-the-finals,4
h-unit,https://steemit.com/blocktradesworldcup/@h-unit/the-blocktrades-world-cup-or-my-selections-for-the-finals,4
cryptocurrencyhk,https://steemit.com/blocktradesworldcup/@cryptocurrencyhk/the-blocktrades-world-cup-or-my-selections-for-the-finals,4
malahayati,https://steemit.com/blocktradesworldcup/@malahayati/the-blocktrades-world-cup-or-my-selections-for-the-finals,4
futven12,https://steemit.com/blocktradesworldcup/@futven12/the-blocktrades-world-cup-or-my-selections-for-the-finals,4
dwiazzahra,https://steemit.com/blocktradesworldcup/@dwiazzahra/the-blocktrades-world-cup-or-my-selections-for-the-finals,4
perlia,https://steemit.com/blocktradesworldcup/@perlia/the-blocktrades-world-cup-or-my-selections-for-the-finals,4
tzap90,https://steemit.com/blocktradesworldcup/@tzap90/the-blocktrades-world-cup-or-my-selections-for-the-finals,4
melaniewang,https://steemit.com/blocktradesworldcup/@melaniewang/the-blocktrades-world-cup-or-my-selections-for-the-finals,4
korexe,https://steemit.com/blocktradesworldcup/@korexe/the-blocktrades-world-cup-or-my-selections-for-the-finals-1d28cad1d9083,4
mendezand,https://steemit.com/blocktradesworldcup/@mendezand/the-blocktrades-world-cup-or-my-selections-for-the-finals,4
iqbalsweden,https://steemit.com/blocktradesworldcup/@iqbalsweden/the-blocktrades-world-cup-or-my-selections-for-the-finals,4
josalarcon2,https://steemit.com/blocktradesworldcup/@josalarcon2/the-blocktrades-world-cup-or-my-selections-for-the-finals-61a7d47520da6est,4
nuraini88,https://steemit.com/blocktradesworldcup/@nuraini88/the-blocktrades-world-cup-or-my-selections-for-the-finals,4
kunrishartanto,https://steemit.com/blocktradesworldcup/@kunrishartanto/the-bloctrades-world-cup-my-selections-for-the-finals-b383412a42dea,4
uykusuz,https://steemit.com/blocktradesworldcup/@uykusuz/the-blocktrades-world-cup-or-my-selections-for-the-finals,4
paomrp,https://steemit.com/blocktradesworldcup/@paomrp/the-blocktrades-world-cup-or-my-selections-for-the-finals,4
hafizul,https://steemit.com/blocktradesworldcup/@hafizul/the-blocktrades-world-cup-or-my-selections-for-the-finals,4
coinkaka,https://steemit.com/blocktradesworldcup/@coinkaka/the-blocktrades-world-cup-or-my-selections-for-the-finals,4
shiroe,https://steemit.com/blocktradesworldcup/@shiroe/the-blocktrades-world-cup-or-my-selections-for-the-finals,4
arabson1990,https://steemit.com/blocktradesworldcup/@arabson1990/the-blocktrades-world-cup-or-my-selections-for-the-finals,4
joseg,https://steemit.com/blocktradesworldcup/@joseg/the-blocktrades-world-cup-or-my-selections-for-the-finals,4
wildarahmi,https://steemit.com/blocktradesworldcup/@wildarahmi/the-blocktrades-world-cup-or-my-selections-for-the-finals,4
galasek,https://steemit.com/blocktradesworldcup/@galasek/the-blocktrades-world-cup-or-my-selections-for-the-finals,4
arvindkumar,https://steemit.com/blocktradesworldcup/@arvindkumar/the-blocktrades-world-cup-or-my-selections-for-the-finals-arvindkumar,3
chalidteuku,https://steemit.com/blocktradesworldcup/@chalidteuku/the-blocktrades-world-cup-or-my-selections-for-the-finals,3
emekacollins,https://steemit.com/blocktradesworldcup/@emekacollins/the-blocktrades-world-cup-or-my-selections-for-the-finals,3
akbarsanjani,https://steemit.com/blocktradesworldcup/@akbarsanjani/the-blocktrades-world-cup-or-my-selections-for-the-finals-239e935215f15,3
maxinpower,https://steemit.com/blocktradesworldcup/@maxinpower/the-blocktrades-world-cup-or-my-selections-for-the-finals,3
jose27117,https://steemit.com/blocktradesworldcup/@jose27117/the-blocktrades-world-cup-or-my-selections-for-the-finals,3
mistakili,https://steemit.com/blocktradesworldcup/@mistakili/the-blocktrades-world-cup-or-my-selections-for-the-finals,3
zufrizal,https://steemit.com/blocktradesworldcup/@zufrizal/the-blocktrades-world-cup-or-my-selections-for-the-finals-2d38f2ac8cc8d,3
damian-z,https://steemit.com/blocktradesworldcup/@damian-z/the-blocktrades-world-cup-or-my-selections-for-the-finals,3
heros,https://steemit.com/blocktradesworldcup/@heros/the-blocktrades-world-cup-or-my-selections-for-the-finals,3
agus17,https://steemit.com/blocktradesworldcup/@agus17/the-blocktrades-world-cup-or-my-selections-for-the-finals-2a675e7f955f9,3
cekismail,https://steemit.com/blocktradesworldcup/@cekismail/the-blocktrades-world-cup-or-my-selections-for-the-finals-155804ee553b,3
vaco,https://steemit.com/blocktradesworldcup/@vaco/the-blocktrades-world-cup-or-my-selections-for-the-finals,3
warpedpoetic,https://steemit.com/blocktradesworldcup/@warpedpoetic/the-blocktrades-world-cup-or-my-selections-for-the-finals,3
deathcloud,https://steemit.com/blocktradesworldcup/@deathcloud/the-blocktrades-world-cup-or-my-selections-for-the-finals,3
lena88,https://steemit.com/blocktradesworldcup/@lena88/the-blocktrades-world-cup-or-my-selections-for-the-finals-e16e6e6542cd3,3
mercurybo,https://steemit.com/blocktradesworldcup/@mercurybo/the-blocktrades-world-cup-or-my-selections-for-the-finals-dc44ed3b6e07c,3
umc,https://steemit.com/blocktradesworldcup/@umc/the-blocktrades-world-cup-or-my-selections-for-the-finals-b95b982b1c82b,3
bale02,https://steemit.com/blocktradesworldcup/@bale02/the-blocktrades-world-cup-or-my-selections-for-the-finals-492af1f10c5dc,3
rsk07,https://steemit.com/blocktradesworldcup/@rsk07/the-blocktrades-world-cup-or-my-selections-for-the-finals-1635744448e6b,3
marzuki.iba,https://steemit.com/blocktradesworldcup/@marzuki.iba/the-blocktrades-world-cup-or-my-selections-for-the-finals-66358b3efd896,3
kinakomochi,https://steemit.com/blocktradesworldcup/@kinakomochi/the-blocktrades-world-cup-or-my-selections-for-the-finals,2
jaki01,https://steemit.com/blocktradesworldcup/@jaki01/the-blocktrades-world-cup-or-my-selections-for-the-finals,2
jmetroya,https://steemit.com/blocktradesworldcup/@jmetroya/the-blocktrades-world-cup-or-my-selections-for-the-finals,2
queqtra,https://steemit.com/blocktradesworldcup/@queqtra/the-blocktrades-world-cup-or-my-selections-for-the-finals,2
drago18121996,https://steemit.com/ita/@drago18121996/the-blocktrades-world-cup-or-my-selections-for-the-finals,2
kay1,https://steemit.com/blocktradesworldcup/@kay1/the-blocktrades-world-cup-or-my-selections-for-the-finals,2
blockcryptochain,https://steemit.com/blocktradesworldcup/@blockcryptochain/the-blocktrades-world-cup-or-my-selections-for-the-finals,2
maxiemoses-eu,https://steemit.com/blocktradesworldcup/@maxiemoses-eu/the-blocktrades-world-cup-or-my-selections-for-the-finals,2
edgarf1979,https://steemit.com/blocktradesworldcup/@edgarf1979/the-blocktrades-world-cup-or-my-selections-for-the-finals,2
acehpungo,https://steemit.com/blocktradesworldcup/@acehpungo/the-blocktrades-world-cup-or-my-selections-for-the-finals,2
alexicp,https://steemit.com/blocktradesworldcup/@alexicp/the-blocktrades-world-cup-or-my-selections-for-the-finals,2
pkocjan,https://steemit.com/blocktradesworldcup/@pkocjan/the-blocktrades-world-cup-or-my-selections-for-the-finals,2
sbamsoneu,https://steemit.com/busy/@sbamsoneu/the-blocktrades-world-cup-or-my-selections-for-the-finals,2
oendertuerk,https://steemit.com/blocktradesworldcup/@oendertuerk/the-blocktrades-world-cup-or-my-selections-for-the-finals,2
hadassa,https://steemit.com/blocktradesworldcup/@hadassa/the-blocktrades-world-cup-or-my-selections-for-the-finals,2
osariemen,https://steemit.com/blocktradesworldcup/@osariemen/the-blocktrades-world-cup-or-my-selections-for-the-finals,2
cosminblaga,https://steemit.com/blocktradesworldcup/@cosminblaga/the-blocktrades-world-cup-or-my-selections-for-the-finals,2
cryptospecio,https://steemit.com/blocktradesworldcup/@cryptospecio/the-blocktrades-world-cup-or-my-selections-for-the-finals,2
arlheena,https://steemit.com/blocktradesworldcup/@arlheena/the-blocktrades-world-cup-or-my-selections-for-the-finals,2
bangbadem,https://steemit.com/blocktradesworldcup/@bangbadem/the-blocktrades-world-cup-or-my-selections-for-the-finals,2
androssgb,https://steemit.com/blocktradesworldcup/@androssgb/the-blocktrades-world-cup-or-my-selections-for-the-finals,2
imagen,https://steemit.com/blocktradesworldcup/@imagen/the-blocktrades-world-cup-or-my-selections-for-the-finals,2
luis07,https://steemit.com/blocktradesworldcup/@luis07/the-blocktrades-world-cup-or-my-selections-for-the-finals,2
aledania,https://steemit.com/blocktradesworldcup/@aledania/the-blocktrades-world-cup-or-my-selections-for-the-finals,2
raybull,https://steemit.com/blocktradesworldcup/@raybull/the-blocktrades-world-cup-or-my-selections-for-the-finals,2
dariomac34,https://steemit.com/blocktradesworldcup/@dariomac34/the-blocktrades-world-cup-or-my-selections-for-the-finals,2
kingabesh,https://steemit.com/blocktradesworldcup/@kingabesh/the-blocktrades-world-cup-or-my-selections-for-the-finals,2
truconspiracy,https://steemit.com/blocktradesworldcup/@truconspiracy/the-blocktrades-world-cup-or-my-selections-for-the-finals,2
girolamomarotta,https://steemit.com/blocktradesworldcup/@girolamomarotta/the-blocktrades-world-cup-or-my-selections-for-the-finals-girolamomarotta,2
nzikak,https://steemit.com/blocktradesworldcup/@nzikak/the-blocktrades-world-cup-or-my-selections-for-the-finals,2
pacokam8,https://steemit.com/blocktradesworldcup/@pacokam8/the-blocktrades-world-cup-or-my-selections-for-the-finals,2
adetola,https://steemit.com/blocktradesworldcup/@adetola/the-blocktrades-world-cup-or-my-selections-for-the-finals,2
butterb,https://steemit.com/blocktradesworldcup/@butterb/the-blocktrades-world-cup-or-my-selections-for-the-finals,2
tobias-g,https://steemit.com/blocktradesworldcup/@tobias-g/the-blocktrades-world-cup-or-my-selections-for-the-finals,2
katyusa,https://steemit.com/blocktradesworldcup/@katyusa/the-blocktrades-world-cup-or-my-selections-for-the-finals,2
sirtorito,https://steemit.com/sporst/@sirtorito/the-blocktrades-world-cup-or-my-selections-for-the-finals,2
frank4jesus,https://steemit.com/blocktradesworldcup/@frank4jesus/the-blocktrades-world-cup-or-my-selections-for-the-finals,2
themightyvolcano,https://steemit.com/blocktradesworldcup/@themightyvolcano/the-blocktrades-world-cup-or-my-selections-for-the-finals,2
kamchore,https://steemit.com/blocktradesworldcup/@kamchore/the-blocktrades-world-cup-or-my-selections-for-the-finals,2
ayuramona,https://steemit.com/blocktradesworldcup/@ayuramona/the-blocktrades-world-cup-or-my-selections-for-the-finals,2
dedicatedguy,https://steemit.com/blocktradesworldcup/@dedicatedguy/the-blocktrades-world-cup-or-my-selections-for-the-finals,2
zapll,https://steemit.com/blocktradesworldcup/@zapll/the-blocktrades-world-cup-or-my-selections-for-the-finals,2
rabihfarhat,https://steemit.com/blocktradesworldcup/@rabihfarhat/the-blocktrades-world-cup-or-my-selections-for-the-finals,2
ninoh22,https://steemit.com/blocktradesworldcup/@ninoh22/the-blocktrades-world-cup-or-my-selections-for-the-finals,2
yulismal,https://steemit.com/blocktradesworldcup/@yulismal/the-blocktrades-world-cup-or-my-selections-for-the-finals,2
maikelblogo,https://steemit.com/blocktradesworldcup/@maikelblogo/the-blocktrades-world-cup-or-my-selections-for-the-finals-by-maikelblogo,2
nessos,https://steemit.com/blocktradesworldcup/@nessos/the-blocktradesworld-cup-or-my-selections-for-the-finals,2
katteasis,https://steemit.com/blocktradesworldcup/@katteasis/the-blocktrades-world-cup-or-my-selections-for-the-finals,2
mucar38,https://steemit.com/blocktradesworldcup/@mucar38/theblocktradesworldcupmyselectionsforthefinals-oeaugictch,2
ulqu3,https://steemit.com/blocktradesworldcup/@ulqu3/the-blocktrades-world-cup-or-my-selections-for-the-finals,2
kamiikazer,https://steemit.com/blocktradesworldcup/@kamiikazer/the-blocktrades-world-cup-or-my-selections-for-the-finals,2
kenneth1,https://steemit.com/blocktradesworldcup/@kenneth1/the-blocktrades-world-cup-or-my-selections-for-the-finals,2
shyuk3655,https://steemit.com/blocktradesworldcup/@shyuk3655/the-blocktrades-world-cup-or-my-selections-for-the-finals,2
datilla,https://steemit.com/blocktradesworldcup/@datilla/the-blocktrades-world-cup-or-my-selections-for-the-finals,2
segunreus,https://steemit.com/blocktradesworldcup/@segunreus/the-blocktrades-world-cup-my-entry-for-the-final-and-3rd-place,2
rijalaronaceh,https://steemit.com/blocktradesworldcup/@rijalaronaceh/the-blocktrades-world-cup-or-my-selections-for-the-finals,2
jmuda,https://steemit.com/blocktradesworldcup/@jmuda/the-blocktrades-world-cup-or-my-selections-for-the-finals,2
dewaled507,https://steemit.com/blocktradesworldcup/@dewaled507/the-blocktrades-world-cup-or-my-selections-for-the-finals,2
sajidulislam,https://steemit.com/blocktradesworldcup/@sajidulislam/the-blocktrades-world-cup-or-my-selections-for-the-finals,2
ptcmyanmar,https://steemit.com/blocktradesworldcup/@ptcmyanmar/the-blocktrades-world-cup-or-my-selections-for-the-finals,2
cameron99,https://steemit.com/blocktradesworldcup/@cameron99/the-blocktrades-world-cup-or-my-selections-for-the-finals,2
steemnepal,https://steemit.com/blocktradesworldcup/@steemnepal/the-blocktrades-world-cup-or-my-selections-for-the-finals,2
muhammadan,https://steemit.com/blocktradesworldcup/@muhammadan/the-blocktrades-world-cup-or-my-selections-for-the-finals-51e0ebd108a12,2
longberry,https://steemit.com/blocktradesworldcup/@longberry/the-blocktrades-world-cup-or-my-selections-for-the-finals-09274b6e7a819,2
frostie-lebron,https://steemit.com/blocktradesworldcup/@frostie-lebron/the-blocktrades-world-cup-or-my-selections-for-the-finals,2
frankcalvo,https://steemit.com/blocktradesworldcup/@frankcalvo/the-blocktrades-world-cup-or-my-selections-for-the-finals,2
bangmimi,https://steemit.com/blocktradesworldcup/@bangmimi/the-blocktrades-world-cup-or-my-selections-for-the-finals-c8b7032dea5c2,2
gduran,https://steemit.com/blocktradesworldcup/@gduran/the-blocktrades-world-cup-or-my-selections-for-the-finals,2
full-measure,https://steemit.com/blocktradesworldcup/@full-measure/the-blocktrades-world-cup-or-my-selections-for-the-finals,2
diogosantos,https://steemit.com/blocktradesworldcup/@diogosantos/the-blocktrades-world-cup-or-my-selections-for-the-finals,2
cryptoandcoffee,https://steemit.com/blocktradesworldcup/@cryptoandcoffee/the-blocktrades-world-cup-or-my-selections-for-the-finals,2
benlegend-1,https://steemit.com/blocktradesworldcup/@benlegend-1/the-blocktrades-world-cup-or-my-selection-for-the-finals,2
xabi,https://steemit.com/blocktradesworldcup/@xabi/the-blocktrades-world-cup-or-my-selections-for-the-finals,2
dragibusss,https://steemit.com/blocktradesworldcup/@dragibusss/the-blocktrades-world-cup-or-my-selections-for-the-finals,2
martin.rotter,https://steemit.com/blocktradesworldcup/@martin.rotter/the-blocktrades-world-cup-or-my-selections-for-the-finals,2
simi,https://steemit.com/blocktradesworldcup/@simi/the-blocktrades-world-cup-or-my-selections-for-the-finals,2
andresgo2000,https://steemit.com/blocktradesworldcup/@andresgo2000/the-blocktrades-world-cup-or-my-selections-for-the-finals,2
steaknsteem,https://steemit.com/blocktradesworldcup/@steaknsteem/the-blocktrades-world-cup-or-my-selections-for-the-finals,2
fatherfaith,https://steemit.com/blocktradesworldcup/@fatherfaith/the-blocktrades-world-cup-or-my-selections-for-the-finals,2
rahmee,https://steemit.com/blocktradesworldcup/@rahmee/the-blocktradesworld-cup-or-my-selections-for-the-finals-94fd25d23eab9,2
good.karna,https://steemit.com/blocktradesworldcup/@good.karna/the-blocktrades-world-cup-or-my-selections-for-the-finals,2
carlagonz,https://steemit.com/blocktradesworldcup/@carlagonz/the-blocktrades-world-cup-or-my-selections-for-the-finals,2
masterwali,https://steemit.com/blocktradesworldcup/@masterwali/the-blocktrades-world-cup-or-my-selections-for-the-finals,2
ckarin,https://steemit.com/blocktradesworldcup/@ckarin/blocktrades-world-cup-or-mis-selecciones-para-la-final,2
mrzurkon,https://steemit.com/blocktradesworldcup/@mrzurkon/the-blocktrades-world-cup-or-my-selections-for-the-finals,2
omerbayrak,https://steemit.com/blocktradesworldcup/@omerbayrak/the-blocktrades-world-cup-or-my-selections-for-the-finals,2
josecrespo,https://steemit.com/english/@josecrespo/the-blocktrades-world-cup-or-my-selections-for-the-finals,2
yusuf89,https://steemit.com/blocktradesworlcup/@yusuf89/the-blocktrades-world-cup-or-my-selections-for-the-finals,2
gaara,https://steemit.com/blocktradesworldcup/@gaara/2kshda-the-blocktrades-world-cup-or-my-selections-for-the-finals,2
soluce07,https://steemit.com/blocktradesworldcup/@soluce07/the-blocktrades-world-cup-or-my-selections-for-the-finals,2
dab.panda,https://steemit.com/blocktradesworldcup/@dab.panda/the-blocktrades-world-cup-or-my-selections-for-the-finals,2
riodejaksiuroe,https://steemit.com/blocktradesworldcup/@riodejaksiuroe/the-blocktrades-world-cup-or-my-selections-for-the-finals,2
zulfikar17,https://steemit.com/blocktradesworldcup/@zulfikar17/the-blocktrades-world-cup-or-my-selections-for-the-finals,2
zulfikaraw,https://steemit.com/blocktradesworldcup/@zulfikaraw/the-blocktrades-world-cup-or-my-selections-for-the-finals,2
aguero41,https://steemit.com/blocktradesworldcup/@aguero41/the-blocktrades-world-cup-or-my-selections-for-the-finals-b7235ff04b54f,2
holycow,https://steemit.com/blocktradesworldcup/@holycow/the-blocktrades-world-cup-or-my-selections-for-the-finals,2
yos.dikuta,https://steemit.com/blocktradesworldcup/@yos.dikuta/the-blocktrades-world-cup-or-my-selections-for-the-finals,2
alucare,https://steemit.com/blocktradesworldcup/@alucare/the-blocktrades-world-cup-or-my-selections-for-the-finals,2
medical-hall,https://steemit.com/blocktradesworldcup/@medical-hall/the-blocktrades-world-cup-or-my-selections-for-the-finals,2
aulnyaksyabandi,https://steemit.com/blocktradesworldcup/@aulnyaksyabandi/the-blocktrades-world-cup-or-my-selections-for-the-finals-084f620e11b84,2
munaa,https://steemit.com/blocktradesworldcup/@munaa/the-blocktrades-world-cup-or-my-selections-for-the-finals,2
seesladen,https://steemit.com/blocktradesworldcup/@seesladen/the-blocktrades-world-cup-or-my-selections-for-the-finals,2
dernierdiaz,https://steemit.com/blocktradesworldcup/@dernierdiaz/the-blocktrades-world-cup-or-my-selections-for-the-finals,2
hasbydiaz,https://steemit.com/blocktradesworldcup/@hasbydiaz/the-blocktrades-world-cup-or-my-selections-for-the-finals,2
zorank,https://steemit.com/blocktradesworldcup/@zorank/the-blocktrades-world-cup-or-my-selections-for-the-finals,2
dianagomez,https://steemit.com/blocktradesworldcup/@dianagomez/the-blocktrades-world-cup-or-my-selections-for-the-finals,2
roquejr,https://steemit.com/blocktradesworldcup/@roquejr/the-blocktrades-world-cup-or-my-selections-for-the-finals,2
steemero,https://steemit.com/blocktradesworldcup/@steemero/the-blocktrades-world-cup-or-my-selections-for-the-finals,2
scientificinfo,https://steemit.com/blocktradesworldcup/@scientificinfo/the-blocktrades-world-cup-or-my-selections-for-the-finals,2
dotwin1981,https://steemit.com/blocktradesworldcup/@dotwin1981/the-blocktrades-world-cup-or-my-selections-for-the-finals,2
tonie,https://steemit.com/blocktradesworldcup/@tonie/the-blocktrades-world-cup-or-my-selections-for-the-finals,2
chehkuna,https://steemit.com/blocktradesworldcup/@chehkuna/the-blocktrades-world-cup-or-my-selection-for-the-finals-da39009a3d608,2
passat,https://steemit.com/blocktradesworldcup/@passat/the-blocktrades-world-cup-or-my-selections-for-the-finals,2
cekmailna,https://steemit.com/blocktradesworldcup/@cekmailna/the-blocktrades-world-cup-or-my-selections-for-the-finals-41bf79f6c1596,2
colon2018,https://steemit.com/blocktradesworldcup/@colon2018/the-blocktrades-world-cup-or-my-selections-for-the-finals,2
ruud-dinn,https://steemit.com/blocktradesworldcup/@ruud-dinn/the-blocktrades-world-cup-or-my-selections-for-the-finals-59f2d852da009,2
adiforever,https://steemit.com/blocktradesworldcup/@adiforever/the-blocktrades-world-cup-or-my-selections-for-the-finals-13dedffe440c6,2
steemforez,https://steemit.com/blocktradesworldcup/@steemforez/the-blocktrades-world-cup-or-my-selections-for-the-finals-d2cd427d67307,2
tiktik,https://steemit.com/blocktradesworldcup/@tiktik/the-blocktrades-world-cup-or-my-selections-for-the-finals,2
saftaniazzahy,https://steemit.com/blocktradesworldcup/@saftaniazzahy/the-blocktrades-world-cup-or-my-selections-for-the-finals-945375aa97a7b,2
fastold,https://steemit.com/blocktradesworldcup/@fastold/the-blocktrades-world-cup-or-my-selections-for-the-finals,2
riskipaloh,https://steemit.com/blocktradesworldcup/@riskipaloh/the-blocktrades-world-cup-or-my-selections-for-the-finals-4f268ff6b13e7,2
sporttr,https://steemit.com/blocktradesworldcup/@sporttr/the-blocktrades-world-cup-or-my-selections-for-the-finals,2
saifullah05,https://steemit.com/blocktradesworldcup/@saifullah05/the-blocktrades-world-cup-or-my-selections-for-the-finals,2
engchitchat,https://steemit.com/blocktradesworldcup/@engchitchat/the-blocktrades-world-cup-or-my-selections-for-the-finals,2
asof4,https://steemit.com/blocktradesworldcup/@asof4/the-blocktrades-world-cup-l-my-selections-for-the-finals-18bcdad85d8ed,2
obulunmaz,https://steemit.com/blocktradesworldcup/@obulunmaz/the-blocktrades-world-cup-or-my-selections-for-the-finals,2
bukharisulaiman,https://steemit.com/blocktradesworldcup/@bukharisulaiman/the-blocktrades-world-cup-or-my-selections-for-the-finals,2
osita21,https://steemit.com/blocktradesworldcup/@osita21/the-blocktrades-world-cup-or-my-selections-for-the-finals,2
maltoz,https://steemit.com/blocktradesworldcup/@maltoz/the-blocktrades-world-cup-or-my-selections-for-the-finals,2
kevinfm,https://steemit.com/blocktradesworldcup/@kevinfm/the-blocktrades-world-cup-or-my-selections-for-the-finals,2
crisangel,https://steemit.com/blocktradesworldcup/@crisangel/theblocktradesworldcupmyselectionsforthefinals-ph8dmhbp8b,2
archildo,https://steemit.com/blocktradesworldcup/@archildo/the-blocktrades-world-cup-or-my-selections-for-the-finals,2
muksalmi,https://steemit.com/blocktradesworldcup/@muksalmi/the-blocktrades-world-cup-or-my-selection-for-the-finals-fb8110d887afe,2
briggsy,https://steemit.com/blocktradesworldcup/@briggsy/the-blocktrades-world-cup-or-my-selections-for-the-finals,2
steem-d-anlovnit,https://steemit.com/blocktradesworldcup/@steem-d-anlovnit/the-blocktrades-world-cup-or-my-selections-for-the-finals,2
tomosan,https://steemit.com/blocktradesworldcup/@tomosan/the-blocktrades-world-cup-or-my-selections-for-the-finals,1
lordneroo,https://steemit.com/memewar/@lordneroo/when-i-read-some-stupid-flat-earth-crap,1
olajidekehinde,https://steemit.com/blocktradesworldcup/@olajidekehinde/the-blocktradesworld-cup-or-my-selections-for-the-finals,1
emekasegun,https://steemit.com/blocktradesworldcup/@emekasegun/the-blocktrades-worldcup-my-selections-for-third-place-and-final-match-2e6790421cc49,1
zoexantelamv,https://steemit.com/blocktradesworldcup/@zoexantelamv/the-blocktrades-world-cup--my-selections-for-the-finals,1
najar10791,https://steemit.com/blocktradesworldcup/@najar10791/the-blocktrades-world-cup-or-my-selections-for-the-finals-najar10791-8ea9d7dc57f25est,1
ropavejero,https://steemit.com/blocktradesworldcup/@ropavejero/the-blocktrades-world-cup-or-my-selections-for-the-finals,1
gadol,https://steemit.com/blocktradesworldcup/@gadol/the-blocktrades-world-cup-or-my-selections-for-the-finals,1
danishmobeen,https://steemit.com/blocktradesworldcup/@danishmobeen/the-blocktrades-world-cup-or-my-selections-for-the-finals-danishmobeen,1
ernick,https://steemit.com/busy/@ernick/the-blocktrades-world-cup-or-my-selections-for-the-finals,1
anak123,https://steemit.com/blocktradesworldcup/@anak123/the-blocktrades-world-cup-or-my-selections-for-the-finals-world-cup-contest-2000-sbd,1
lukmarcus,https://steemit.com/blocktradesworldcup/@lukmarcus/the-blocktrades-world-cup-or-my-selections-for-the-finals,1
andyblack,https://steemit.com/blocktradesworldcup/@andyblack/the-blocktrades-world-cup-or-my-selections-for-the-finals,1
greciav,https://steemit.com/blocktradesworldcup/@greciav/the-blocktrades-world-cup-or-my-selections-for-the-finals,1
angelusnoctum,https://steemit.com/blocktradesworldcup/@angelusnoctum/the-blocktrades-world-cup-or-my-selections-for-the-finals,1
johannfrare,https://steemit.com/blocktradesworldcup/@johannfrare/the-blocktrades-world-cup-or-my-selections-for-the-finals,1
ninski,https://steemit.com/blocktradesworldcup/@ninski/the-blocktrades-world-cup-or-my-selections-for-the-finals,1
honeybngd,https://steemit.com/blocktradesworldcup/@honeybngd/the-blocktrades-world-cup-or-my-selections-for-the-finals,1
anikearn,https://steemit.com/blocktradesworldcup/@anikearn/the-blocktrades-world-cup-or-my-selections-for-the-finals,1
long888,https://steemit.com/blocktradesworldcup/@long888/the-blocktrades-world-cup-or-my-selections-for-the-finals-0e3ea44b8e245est,1
sweetim,https://steemit.com/blocktradesworldcup/@sweetim/the-blocktrades-world-cup-or-my-selections-for-the-finals,1
karepo,https://steemit.com/blocktradesworldcup/@karepo/the-blocktrades-world-cup-or-my-selections-for-the-finals-bf4e74241c272,1
masenjang,https://steemit.com/blocktradesworldcup/@masenjang/the-blocktrades-world-cup-or-my-selections-for-the-finals,1
bunda,https://steemit.com/blocktradesworldcup/@bunda/the-blocktrades-world-cup-or-my-selections-for-the-finals,1
banglambang,https://steemit.com/blocktradesworldcup/@banglambang/the-blocktrades-world-cup-or-my-selections-for-the-finals,1
drawingpencil,https://steemit.com/blocktradesworldcup/@drawingpencil/the-blocktrades-world-cup-or-my-selections-for-the-finals,1
muklisin,https://steemit.com/blocktradesworldcup/@muklisin/the-blocktrades-world-cup-or-my-selections-for-the-finals,1
vieira,https://steemit.com/blocktradesworldcup/@vieira/the-blocktrades-world-cup-or-my-selections-for-the-finals,1
banguri,https://steemit.com/blocktradesworldcup/@banguri/the-blocktrades-world-cup-or-my-selections-for-the-finals,1
good21,https://steemit.com/blocktradesworldcup/@good21/the-blocktrades-world-cup-or-my-selections-for-the-finals,1
bitpizza,https://steemit.com/blocktradesworldcup/@bitpizza/the-blocktrades-world-cup-or-my-selections-for-the-finals,1
lemmybe,https://steemit.com/blocktradesworldcup/@lemmybe/the-blocktrades-world-cup-or-my-selections-for-thefinals,1
cherylsonty,https://steemit.com/blocktradesworldcup/@cherylsonty/blocktradesworldcup-or-my-selections-for-the-final-stage-bc781ad6903f,1
matute8029,https://steemit.com/blocktradesworldcup/@matute8029/the-blocktrades-world-cup-or-my-selections-for-the-finals,1
chinyerevivian,https://steemit.com/blocktradesworldcup/@chinyerevivian/the-blocktrades-world-cup-or-my-selections-for-the-finals,1
edy90,https://steemit.com/blocktradesworldcup/@edy90/the-blocktrades-world-cup-or-my-selections-for-the-finals-a7d44b67f3121,1
livinguktaiwan,https://steemit.com/blocktradesworldcup/@livinguktaiwan/the-blocktrades-world-cup-or-my-selections-for-the-finals,1
peeknpoke,https://steemit.com/blocktradesworldcup/@peeknpoke/the-blocktrades-world-cup-or-final-stage-my-entry,1
my451r,https://steemit.com/blocktradesworldcup/@my451r/the-blocktrades-world-cup-or-my-selections-for-the-finals,1
jmehta,https://steemit.com/blocktradesworlcup/@jmehta/the-blocktrades-world-cup-or-my-selections-for-the-finals,1
andimalaria,https://steemit.com/blocktradesworldcup/@andimalaria/the-blocktrades-world-cup-or-my-selections-for-the-finals,1
room9,https://steemit.com/blocktradesworldcup/@room9/the-blocktrades-world-cup-or-my-selections-for-the-finals,1
caracasfrases,https://steemit.com/blocktradesworldcup/@caracasfrases/the-blocktrades-world-cup-or-my-selections-for-the-finals,1
rian46,https://steemit.com/blocktradesworldcup/@rian46/the-blocktradesworld-cup-or-my-selections-for-the-finals-cbf232cc61a21,1
khalidharun,https://steemit.com/blocktradesworldcup/@khalidharun/the-blocktradesworld-cup-or-my-selections-for-the-finals-3311472d3c842,1
victorleung,https://steemit.com/blocktradesworldcup/@victorleung/the-blocktrades-world-cup-or-my-selections-for-the-finals,1
babsi,https://steemit.com/blocktradesworldcup/@babsi/the-blocktrades-world-cup-or-my-selections-for-the-finals,1
pizzapai,https://steemit.com/blocktradesworldcup/@pizzapai/the-blocktrades-world-cup-or-my-selections-for-the-finals,1
rauzaljm,https://steemit.com/blocktradesworldcup/@rauzaljm/the-blocktrades-world-cup-or-my-selections-for-the-finals-4300d2e7419de,1
hannihusen,https://steemit.com/blocktradesworldcup/@hannihusen/the-blocktrades-world-cup-or-my-selections-for-the-finals,1
kirstin,https://steemit.com/blocktradesworldcup/@kirstin/the-blocktrades-world-cup-or-my-selections-for-the-finals,1
crypto-econom1st,https://steemit.com/busy/@crypto-econom1st/the-blocktrades-world-cup-or-my-selections-for-the-finals,1
atafauzan79,https://steemit.com/blocktradesworldcup/@atafauzan79/the-blocktrades-world-cup-or-my-selections-for-the-finals,1
imam03,https://steemit.com/blocktradesworldcup/@imam03/the-blocktrades-world-cup-or-my-selections-for-the-finals-005eb53395fd7,1
safwaninisam,https://steemit.com/blocktradesworldcup/@safwaninisam/the-blocktrades-world-cup-or-my-selections-for-the-finals,1
scarletmedia,https://steemit.com/blocktradesworldcup/@scarletmedia/the-blocktrades-world-cup-or-my-selections-for-the-finals,1
herlife,https://steemit.com/blocktradesworldcup/@herlife/the-blocktrades-world-cup-or-my-selections-for-the-finals,1
maeugenia,https://steemit.com/blocktradesworldcup/@maeugenia/the-blocktrades-world-cup-or-my-selections-for-finals,1
rnunez09,https://steemit.com/blocktradesworldcup/@rnunez09/the-blocktrades-world-cup-or-my-selections-for-finals,1
isnochys,https://steemit.com/blocktradesworldcup/@isnochys/the-blocktrades-world-cup-or-my-selections-for-the-finals,1
rubendariogil,https://steemit.com/blocktradesworldcup/@rubendariogil/the-blocktrades-world-cup-or-my-selections-for-the-finals,1
angelina6688,https://steemit.com/blocktradesworldcup/@angelina6688/the-blocktrades-world-cup-or-my-selections-for-the-finals,1
killbill73,https://steemit.com/blocktradesworldcup/@killbill73/the-blocktrades-world-cup-or-my-selections-for-the-finals,1
kidsreturn,https://steemit.com/blocktradesworldcup/@kidsreturn/the-blocktrades-world-cup-or-my-selections-for-the-finals,1
nahaha,https://steemit.com/blocktradesworldcup/@nahaha/the-blocktrades-world-cup-or-my-selections-for-the-finals,1
wilhb81,https://steemit.com/blocktradesworldcup/@wilhb81/the-blocktrades-world-cup-or-my-selections-for-the-finals,1
karenmckersie,https://steemit.com/blocktradesworldcup/@karenmckersie/the-blocktrades-world-cup-my-selections-for-the-finals,1
cvrlo,https://steemit.com/blocktradesworldcup/@cvrlo/the-blocktrades-world-cup-or-my-selections-for-the-finals,1
artsymelanie,https://steemit.com/blocktradesworldcup/@artsymelanie/the-blocktrades-world-cup-or-my-selections-for-the-finals,1
aellly,https://steemit.com/blocktradesworldcup/@aellly/the-blocktrades-world-cup-or-my-selections-for-the-finals,1
suci,https://steemit.com/blocktradesworldcup/@suci/the-blocktrades-world-cup-or-my-selections-for-the-finals-or,1
jlufer,https://steemit.com/blocktradesworldcup/@jlufer/the-blocktrades-world-cup-or-my-selections-for-the-finals,1
yamaagni,https://steemit.com/blocktradesworldcup/@yamaagni/the-blocktrades-world-cup-or-my-selections-for-the-finals,1
grildrig,https://steemit.com/blocktradesworldcup/@grildrig/the-blocktrades-world-cup-or-my-selections-for-the-finals,1
soyrosa,https://steemit.com/blocktradesworldcup/@soyrosa/the-blocktrades-world-cup-or-my-selections-for-the-finals,1
jacos,https://steemit.com/blocktradesworldcup/@jacos/the-blocktrades-world-cup-or-my-selections-for-the-finals,1
jadams2k18,https://steemit.com/blocktradesworldcup/@jadams2k18/the-blocktrades-world-cup-or-my-selections-for-the-finals,1
godwyn,https://steemit.com/blocktradesworldcup/@godwyn/the-blocktrades-world-cup-or-my-selections-for-the-finals,1
donnest,https://steemit.com/blocktradesworldcup/@donnest/the-blocktrades-world-cup-or-my-selections-for-the-finals,1
embohor,https://steemit.com/blocktradesworldcup/@embohor/the-blocktrades-world-cup-or-my-selections-for-the-finals,1
mickyscofield,https://steemit.com/blocktradesworldcup/@mickyscofield/the-block-trades-world-cup-my-selections-for-the-finals,1
theaustrianguy,https://steemit.com/blocktradesworldcup/@theaustrianguy/the-blocktrades-world-cup-or-my-selections-for-the-finals,1
rivalzzz,https://steemit.com/blocktradesworldcup/@rivalzzz/the-blocktrades-world-cup-or-my-selections-for-the-finals,1
ericet,https://steemit.com/blocktradesworldcup/@ericet/the-blocktrades-world-cup-or-my-selections-for-the-finals,1
faiber,https://steemit.com/blocktradesworldcup/@faiber/the-blocktrades-world-cup-or-my-selections-for-the-finals,1
ryanfirdaus,https://steemit.com/blocktradesworldcup/@ryanfirdaus/the-blocktrades-world-cup-or-my-selections-for-the-finals,1
adiza,https://steemit.com/blocktradesworldcup/@adiza/the-blocktrades-world-cup-or-my-selections-for-the-finals-287024bd02228,1
alif36,https://steemit.com/blocktradesworldcup/@alif36/the-blocktrades-world-cup-or-my-selections-for-the-finals-146d9a1f07d2b,1
nzl19500,https://steemit.com/blocktradesworldcup/@nzl19500/the-blocktrades-world-cup-or-my-selections-for-the-finals,1
catheria,https://steemit.com/blocktradesworldcup/@catheria/the-blocktrades-world-cup-or-my-selections-for-the-finals-d04b1fc392dc3,1
hisxrael,https://steemit.com/blocktradesworldcup/@hisxrael/the-blocktrades-world-cup-or-my-selections-for-the-finals,1
kutra,https://steemit.com/blocktradesworldcup/@kutra/the-blocktrades-world-cup-or-my-selections-for-the-finals,1
solcross,https://steemit.com/blocktradesworldcup/@solcross/the-blocktradesworld-cup-or-my-selections-for-the-finals,1
almi,https://steemit.com/blocktradesworldcup/@almi/the-blocktrades-world-cup-or-my-selections-for-the-finals,1
barmbo,https://steemit.com/blocktradesworldcup/@barmbo/the-blocktrades-world-cup-or-my-selections-for-the-finals,1
prayugi1992,https://steemit.com/blocktradesworldcup/@prayugi1992/the-blocktrades-world-cup-or-my-selections-for-the-finals,1
schlees,https://steemit.com/blocktradesworldcup/@schlees/the-blocktrades-world-cup-or-my-selections-for-the-finals,1
reyvaj,https://steemit.com/blocktradesworldcup/@reyvaj/the-blocktrades-world-cup-or-my-selections-for-the-finals,1
followmikecee,https://steemit.com/blocktradesworldcup/@followmikecee/the-blocktrades-world-cup--my-selections-for-the-finals,1
sportsjrfc2018,https://steemit.com/blocktradesworldcup/@sportsjrfc2018/the-blocktrades-world-cup-or-my-selections-for-the-finals,1
bakti,https://steemit.com/blocktradesworldcup/@bakti/the-blocktrades-world-cup-or-my-selections-for-the-finals,1
dolov,https://steemit.com/blocktradesworldcup/@dolov/the-blocktrades-world-cup-or-my-selections-for-the-finals,1
psos,https://steemit.com/blocktradesworldcup/@psos/the-blocktrades-world-cup-or-my-selections-for-the-finals,1
baart,https://steemit.com/blocktradesworldcup/@baart/the-blocktrades-world-cup-or-my-selections-for-the-finals,1
sabine-reichert,https://steemit.com/blocktradesworldcup/@sabine-reichert/the-blocktrades-world-cup-or-my-selections-for-the-finals,1
joel0101,https://steemit.com/blocktradesworldcup/@joel0101/the-blocktrades-world-cup-or-my-selections-for-the-finals,1
desmoniac,https://steemit.com/blocktradesworldcup/@desmoniac/the-blocktrades-world-cup-or-my-selections-for-the-finals,1
lunaticpandora,https://steemit.com/blocktradesworldcup/@lunaticpandora/the-blocktrades-world-cup-or-my-selections-for-the-finals,1
germansailor,https://steemit.com/blocktradesworldcup/@germansailor/the-blocktrades-world-cup-or-my-selections-for-the-finals,1
madara-uciha,https://steemit.com/blocktradesworldcup/@madara-uciha/the-blocktrades-world-cup-or-my-selections-for-the-finals-918fe6181be4c,1
marco-asensio,https://steemit.com/blocktradesworldcup/@marco-asensio/the-blocktrades-world-cup-or-my-selections-for-the-finals-d522c0522edd8,1
xiow-loch,https://steemit.com/blocktradesworldcup/@xiow-loch/the-blocktrades-world-cup-or-my-selections-for-the-finals-b32bf30211204,1
shifaadi,https://steemit.com/blocktradesworldcup/@shifaadi/the-blocktrades-world-cup-or-my-selections-for-the-finals-e8098b474d3d1,1
adimantong,https://steemit.com/blocktradesworldcup/@adimantong/the-blocktrades-world-cup-or-my-selections-for-the-finals-9dbc394c1a5d2,1
mukhtar9,https://steemit.com/blocktradesworldcup/@mukhtar9/the-blocktrades-world-cup-or-my-selections-for-the-finals-1a3205346a9b5,1
asnita,https://steemit.com/blocktradesworldcup/@asnita/the-blocktrades-world-cup-or-my-selections-for-the-finals-a9ac549a35e44,1
nigerian-yogagal,https://steemit.com/blocktradesworldcup/@nigerian-yogagal/the-blocktrades-world-cup-or-my-selections-for-the-finals,1
alsteemit,https://steemit.com/blocktradesworldcup/@alsteemit/the-blocktrades-world-cup-or-my-selections-for-the-finals-c774b2d2d0b44,1
kroby31,https://steemit.com/blocktradesworldcup/@kroby31/the-blocktrades-world-cup-or-my-selections-for-the-finals,1
bgmuna,https://steemit.com/blocktradesworldcup/@bgmuna/the-blocktrades-world-cup-or-my-selections-for-the-finals,1
bobskibob,https://steemit.com/blocktradesworldcup/@bobskibob/the-blocktrades-world-cup-or-my-selections-for-the-finals,1
stnr,https://steemit.com/blocktradesworldcup/@stnr/the-blocktrades-world-cup-or-my-selections-for-the-finals,1
travelling-two,https://steemit.com/blocktradesworldcup/@travelling-two/the-blocktrades-world-cup-or-my-selections-for-the-finals,1
dreamrafa,https://steemit.com/blocktradesworldcup/@dreamrafa/the-blocktrades-world-cup-or-my-selections-for-the-finals,1
raja07,https://steemit.com/blocktradesworldcup/@raja07/the-blocktrades-world-cup-or-my-selections-for-the-finals-25b2bf3419b5f,1
azam07,https://steemit.com/blocktradesworldcup/@azam07/the-blocktrades-world-cup-or-my-selections-for-the-finals-eb1cea899f139,1
zidane7,https://steemit.com/blocktradesworldcup/@zidane7/the-blocktrades-world-cup-or-my-selections-for-the-finals-0b877e728a5e9,1
rahmatjay,https://steemit.com/blocktradesworldcup/@rahmatjay/the-blocktrades-world-cup-or-my-selections-for-the-finals-1d0497ea0c735,1
muslemnur,https://steemit.com/blocktradesworldcup/@muslemnur/the-blocktrades-world-cup-or-my-selections-for-the-finals-e82af49848a31,1
redlembo,https://steemit.com/blocktradesworldcup/@redlembo/the-blocktrades-world-cup-or-my-selections-for-the-finals-0e2d65cc15317,1
cr07,https://steemit.com/blocktradesworldcup/@cr07/the-blocktrades-world-cup-or-my-selections-for-the-finals-e7f13810e216c,1
zacr7,https://steemit.com/blocktradesworldcup/@zacr7/the-blocktrades-world-cup-or-my-selections-for-the-finals-fba8e7963e4d4,1
ana07,https://steemit.com/blocktradesworldcup/@ana07/the-blocktrades-world-cup-or-my-selections-for-the-finals-6fca290f9fcfe,1
postpromot,https://steemit.com/blocktradesworldcup/@postpromot/the-blocktrades-world-cup-or-my-selections-for-the-finals-a5f466ba0404e,1
getboots,https://steemit.com/blocktradesworldcup/@getboots/the-blocktrades-world-cup-or-my-selections-for-the-finals-bcec86d538bda,1
ace108,https://steemit.com/blocktradesworldcup/@ace108/the-blocktrades-world-cup-or-my-selections-for-the-finals,1
classic07,https://steemit.com/blocktradesworldcup/@classic07/the-blocktrades-world-cup-or-my-selections-for-the-finals-b7171d05133e1,1
messi01,https://steemit.com/blocktradesworldcup/@messi01/the-blocktrades-world-cup-or-my-selections-for-the-finals-aabc76f5046ff,1
mudakhan,https://steemit.com/blocktradesworldcup/@mudakhan/the-blocktrades-world-cup-or-my-selections-for-the-finals-7bc5c5cc6140b,1
chori,https://steemit.com/blocktradesworldcup/@chori/the-blocktrades-world-cup-or-my-selections-for-the-finals-5143238c86a1c,1
rarakhan,https://steemit.com/blocktradesworldcup/@rarakhan/the-blocktrades-world-cup-or-my-selections-for-the-finals-120c4b198393e,1
khauri,https://steemit.com/blocktradesworldcup/@khauri/the-blocktrades-world-cup-or-my-selections-for-the-finals-1dff09e948a92,1
radid,https://steemit.com/blocktradesworldcup/@radid/the-blocktrades-world-cup-or-my-selections-for-the-finals-97efa33cde2f1,1
mudawaly,https://steemit.com/blocktradesworldcup/@mudawaly/the-blocktrades-world-cup-or-my-selections-for-the-finals-b36ed37820984,1
mandoga,https://steemit.com/blocktradesworldcup/@mandoga/the-blocktrades-world-cup-or-my-selections-for-the-finals-3c54b7eac00d6,1
nansyiv,https://steemit.com/blocktradesworldcup/@nansyiv/the-blocktrades-world-cup-or-my-selections-for-the-finals-4fc50f9345ee,1
warkha,https://steemit.com/blocktradesworldcup/@warkha/the-blocktrades-world-cup-or-my-selections-for-the-finals-7ea37310dccf,1
wn4,https://steemit.com/blocktradesworldcup/@wn4/the-blocktrades-world-cup-or-my-selections-for-the-finals-682a5bb84c8bc,1
madvirgo,https://steemit.com/blocktradesworldcup/@madvirgo/the-blocktrades-world-cup-or-my-selections-for-the-finals-6fd411626de93,1
sandroe,https://steemit.com/blocktradesworldcup/@sandroe/the-blocktrades-world-cup-or-my-selections-for-the-finals-cb9467ac4b84b,1
harmen,https://steemit.com/blocktradesworldcup/@harmen/the-blocktrades-world-cup-or-my-selections-for-the-finals-59ed3240c05de,1
leomolina,https://steemit.com/blocktradesworldcup/@leomolina/the-blocktrades-world-cup-or-my-selections-for-the-finals,1
digiccydigger,https://steemit.com/blocktradesworldcup/@digiccydigger/the-blocktrades-world-cup-or-my-selections-for-the-finals,1
bruzzy,https://steemit.com/blocktradesworldcup/@bruzzy/the-blocktrades-world-cup-or-my-selections-for-the-finals,1
aronnaawe,https://steemit.com/blocktradesworldcup/@aronnaawe/the-blocktrades-world-cup-or-my-selections-for-the-finals-9b78e54e3d449,1
isabelpena,https://steemit.com/blocktradesworldcup/@isabelpena/the-blocktrades-world-cup-or-my-selections-for-the-finals,1
tripleem,https://steemit.com/blocktradesworldcup/@tripleem/the-blocktrades-world-cup-or-my-selections-for-the-finals,0
elshadr,https://steemit.com/blocktradesworldcup/@elshadr/the-blocktrades-world-cup-or-my-selections-for-the-finals,0
ronggo-warsito,https://steemit.com/blocktradesworldcup/@ronggo-warsito/the-blocktrades-world-cup-or-my-selections-for-the-finals,0
epitaf,https://steemit.com/blocktradesworldcup/@epitaf/the-blocktrades-world-cup-or-my-selections-for-the-finals,0
kissi,https://steemit.com/blocktradesworldcup/@kissi/the-blocktrades-world-cup-or-my-selections-for-the-finals,0
kagantrky,https://steemit.com/blocktradesworldcup/@kagantrky/the-blocktrades-world-cup-or-my-selections-for-the-finals,0
sandipghosh,https://steemit.com/blocktradesworldcup/@sandipghosh/the-blocktrades-world-cup-or-my-selections-for-the-finals,0
mamenk,https://steemit.com/blocktradesworldcup/@mamenk/the-blocktrades-world-cup-or-my-selections-for-the-finals,0
culinaryevening,https://steemit.com/blocktradesworldcup/@culinaryevening/the-blocktrades-world-cup-or-my-selections-for-the-finals,0
danieldedosd2,https://steemit.com/blocktradesworldcup/@danieldedosd2/the-blocktrades-world-cup-or-my-selections-for-the-finals,0
pakkeplor,https://steemit.com/blocktradesworldcup/@pakkeplor/the-blocktrades-world-cup-or-my-selections-for-the-finals,0
inovatips,https://steemit.com/blocktradesworldcup/@inovatips/the-blocktrades-world-cup-or-my-selections-for-the-finals,0
practicemagic,https://steemit.com/blocktradesworldcup/@practicemagic/the-blocktrades-world-cup-or-my-selections-for-the-finals,0
erikaa,https://steemit.com/blocktradesworldcup/@erikaa/the-blocktrades-world-cup-or-my-selections-for-the-finals,0
tixinhacapitinha,https://steemit.com/blocktradesworldcup/@tixinhacapitinha/the-blocktrades-world-cup-or-my-selections-for-the-finals,0
rizki94,https://steemit.com/blocktradesworldcup/@rizki94/the-blocktradesworld-cup-or-my-selections-for-the-finals-bd5e0d466d4c2,0
ayijufridar,https://steemit.com/blocktradesworldcup/@ayijufridar/the-blocktrades-world-cup-or-my-selections-for-the-finals-or-a9922c685e433est,0
carolinacardoza,https://steemit.com/blocktrades/@carolinacardoza/final-stage-submit-your-entry-and-win-2-000-sbd,0
abuarkan,https://steemit.com/blocktradesworldcup/@abuarkan/the-blocktrades-world-cup-or-my-selections-for-the-finals-28033ca7f15eaest,0
steem16,https://steemit.com/blocktradesworldcup/@steem16/the-blocktrades-world-cup-or-my-selections-for-the-finals,0
nonongfaizah,https://steemit.com/blocktradesworldcup/@nonongfaizah/the-blocktrades-world-cup-or-my-selections-for-the-finals,0
eddard,https://steemit.com/blocktradesworldcup/@eddard/the-blocktrades-world-cup-or-my-selections-for-the-finals,0
donaldlove,https://steemit.com/blocktradesworldcup/@donaldlove/the-blocktrades-world-cup-or-my-selections-for-the-finals,0
steem-reward,https://steemit.com/blocktradesworldcup/@steem-reward/the-blocktrades-world-cup-or-my-selections-for-the-finals,0
hayomi,https://steemit.com/blocktradesworldcup/@hayomi/the-blocktrades-world-cup-or-my-selections-for-the-finals,0
morous70,https://steemit.com/blocktradesworldcup/@morous70/the-blocktrades-world-cup-or-my-selections-for-the-finals,0
xtramedium,https://steemit.com/blocktradesworldcup/@xtramedium/the-blocktrades-world-cup-or-my-selections-for-the-finals,0
altobee,https://steemit.com/blocktradesworldcup/@altobee/the-blocktrades-world-cup-or-my-selections-for-the-finals,0
ksena,https://steemit.com/blocktradesworldcup/@ksena/the-blocktrades-world-cup-or-my-selections-for-the-finals,0
muhammadsuheri,https://steemit.com/blocktradesworldcup/@muhammadsuheri/the-blocktrades-world-cup-or-my-selections-for-the-finals,0
eikejanssen,https://steemit.com/blocktradesworldcup/@eikejanssen/the-blocktrades-world-cup-or-my-selections-for-the-finals,0
joanhay,https://steemit.com/blocktradesworldcup/@joanhay/the-blocktrades-world-cup-or-my-selections-for-the-finals,0
lidsay,https://steemit.com/blocktradesworldcup/@lidsay/the-blocktrades-world-cup-or-my-selections-for-the-finals-75552f2b0033e,0
samal,https://steemit.com/blocktradesworldcup/@samal/the-blocktrades-world-cup-or-my-selections-for-the-finals,0
astrophoto.kevin,https://steemit.com/blocktradesworldcup/@astrophoto.kevin/the-blocktrades-world-cup-or-my-selections-for-the-finals,0
neyamulhasan,https://steemit.com/blocktradesworldcup/@neyamulhasan/the-blocktrades-world-cup-or-my-selections-for-the-finals,0
helpyou,https://steemit.com/blocktradesworldcup/@helpyou/the-blocktrades-world-cup-or-my-selections-for-the-finals,0
alfaykami,https://steemit.com/blocktradesworldcup/@alfaykami/the-blocktrades-world-cup-or-my-selections-for-the-finals-5221744bdf82d,0
poesteemit,https://steemit.com/blocktradesworldcup/@poesteemit/the-blocktrades-world-cup-or-my-selections-for-the-finals-bdae341b24e5d,0
cryptoboc,https://steemit.com/blocktradesworldcup/@cryptoboc/the-blocktrades-world-cup-or-my-selections-for-the-finals,0
por500bolos,https://steemit.com/blocktradesworldcup/@por500bolos/the-blocktrades-world-cup-or-my-selections-for-the-finals,0
glorysmilena,https://steemit.com/blocktradesworldcup/@glorysmilena/the-blocktrades-world-cup-or-my-selections-for-the-finals,0
umartantawi07,https://steemit.com/blocktradesworldcup/@umartantawi07/the-blocktrades-world-cup-or-my-selections-for-the-finals-6b78ac49a2b86,0
milano1113,https://steemit.com/blocktradesworldcup/@milano1113/the-blocktrades-world-cup-or-my-selections-for-the-finals,0