approve,v1,v2,v3
mexico-trail,limoncada,worldcup-russia,healthykitty
chronocrypto,limoncada,michaeljerry0,fikar21
lemoney,hardekulboy,aljustun,coolace
shaheerbari,nexa,alexandracruz,nonongfaizah
vaco,polycarpedet,josecrespo,coolarth
captaincanary,scherry,nasrul71,valiantegg
chairoeltks,tennysonck,breakthrough,yuniswett454
hornblende,unlisteem,maverickinvictus,fiderlet
misan,alexquattro,theaustrianguy,saifulanwar
sentolyrics,bennygh,alokzoom,wr212
suheri,gabriellito,andestra,anak123
tincho,jaycem,apple96,anakrantoe
andimywapblog12,mindbuilder-sc,bahaphotography,ris
btcvenom,roseasmyna,davonicera,saifulanwar
carlagonz,tiaimuet,joelpaseearon,sneaky-ninjaa
creativo,acehtimur,muslemtumin21,anak123
dedicatedguy,emmatoes1,poeticsnake,saiful46
gduran,fasyafachrezi,rahmads,saiful46
gladio28,ifwadi,raybull,saifulanwar
jengley,monterski,raybull,saifulanwar
josalarcon2,redhearted,santarius,wr212
jozecs,abieb,yalzeee,wr212
mindtrap,alimam,yasu24,wr212
pavonj,anchievy,aneukbawang,anak123
psicomar,ayya,aril.hatake,merisa
azman,ayyasofia,blockcryptochain,ronafe
bigdude,bandaaceh,browery,saiful46
dedesuryani,belanda,carlosega,saifulanwar
digiccydigger,coleen.garcia,desireemolina14,ray147880
dwiazzahra,cybertronic,farhanali,saiful46
exe8422,donaldtrump12,iskandarr,steem-reward
faiber,ehizzy,lamkubu,zufrizal
farq,ehizzy,lemmybe,anak123
ferod23,fadhlise,lesiopm,saiful46
gerardoalfred,jos3lider,maidirsinaga,saifulanwar
hildemaro,langsa,oendertuerk,saifulanwar
j3cesar,lhoksukon,rockyy,anak123
jlufer,lifesteem,romexa,saiful46
luiscalzadilla,marza,romexa,saifulanwar
madushanka,meulaboh,rvag5,shahaan
melvadg,mocharif,steem-lagos,wr212
pablocordero,pacoek,adipa,jesane
praz735u5,zulfit,asr13l,soluce07
robin-mctities,flamingsport,deltasteem,wr212
ruelx,mochsaleh,dewinurramadana,anak123
shogo,nasier,hamdani01,anakrantoe
sparkesy43,ovada,imada90,saiful46
sweetcoin,paytren,jsock,saifulanwar
travelling-two,wolfofnostreet,michaelcabiles,btcchina
tsnaks,alpaya,nyakwie,saifulanwar
vieira,hazard1,roronoa07,coolarth
warpedpoetic,jamalsteem,siatteuk,fikar21
zhother,kimliksiz1,simi,healthykitty
alvinlau,piccolinnom1,adson,healthykitty
andyblack,pulau-weh,art-s,zufrizal
apiprincz,salsabilaa,cryptogainer,coolace
arsenal49,takengon,daniham,fikar21
ball5,xiuhtecuhtli,dedyrendra,valiantegg
barbadosso,yoodyboat,dimanrama,yuniswett454
bbvaleague,alpayabotak,fayyadh,coolace
beat-the-bookies,drexx-dmitri,felixrodriguez,nonongfaizah
cervisia,florsakura,hafidh11,nonongfaizah
chrisgr,teukuagam,izge,soluce07
costanza,ummul-ayman,jenniferism,coolarth
cryptoboc,abudaru,khairulhalim,anak123
dim753,benedictemmanuel,life69,merisa
doctor-cog-diss,bundacut,new-york,saifulanwar
dondema,edumat-steemit,rebatesteem,valiantegg
dwayne16,emailbox19149,ajes,wr212
dwightjaden,fauzanspdi,arfa,yuniswett454
elbiasto,gaetano23,art-s,fiderlet
emmakkayluv,jamespower17,daisyphotography,fiderlet
extasispro,jannaah,deisip67,ris
fakhirah,jportu18,djredimi2,ronafe
faroel,maikelblogo,draco.show,saiful46
francispalo,monkeyburp,idandy,saifulanwar
gamsam,muntadhar,mauriciovite,ray147880
kally,nurfa,messwir,sneaky-ninjaa
kimizius,suqya,muhammadzaman,wr212
kryptocek,adit123,saiful46,anak123
lifestylerat,alpayabotak,saifulanwar,anakrantoe
louis88,arieazhary,stopfacebook,anakrantoe
lovetaxi005,beatf1,worldcup-russia,ris
luschn,contestan,bgmuna,saifulanwar
m2nnari,davidsteem,chekohler,shahaan
maltoz,emmycapable,daniham,sneaky-ninjaa
michaelemmanuel,frendsteem,deeclown,anak123
mickyscofield,groensteem,eliisteem,saiful46
newenx,jalora,fayyadh,saiful46
obulunmaz,jhoneysteem,hafidh11,saifulanwar
oscarcc89,marco-asensio,hannanuh,saifulanwar
phait,paykam,hectorcortez7,wr212
portillo,puko,hugosteem,wr212
prayugi1992,razami,jenniferism,wr212
premier-league,ruud-dinn,jubaidah,anak123
redenz,stmc,kawaidolphin,merisa
riesaxon,suqya,keydon,ronafe
seesladen,tantemuda,leasteem,saiful46
stalexmkl,tika,levissteem,saifulanwar
summi,abbb,renny-krieger,steem-reward
theguymasamato,azzz,saiful46,ray147880
theunlimited,bestt,williamjose,saiful46
tzap90,boottok,worldcup-russia,steem-reward
winarobert,brownsteem,zamzamiali,zufrizal
yandot,contine,art-s,anak123
yuniasyaf,converse,charilnwr,saiful46
zingybite,elisananda,dobdirection,saifulanwar
aaronren,gues,fudin-jfr,saifulanwar
afolwalex,hr2,isma4617,anak123
amaliatul,jufriza,lenasteem,saiful46
amigoponc,luckyst,luiyanii,saifulanwar
anarch0gam3rs,miguelalar,marioberlese,shahaan
andesta,rayhan01,nadyasteem,wr212
angeldark,sabejaya,nyakwie,jesane
anthemius,sakri,romexa,jesane
anyuta-rai,stemlah,tolgahanuzun,soluce07
apeximomen,suxes,victorleung,wr212
aulia6080,touresteem,yasirgawad,anak123
awchel,tuhapuet,abismulem94,anakrantoe
binjeeclick,urrietareny2018,ernawati,saiful46
bolivarense,vjoel,hafis,saifulanwar
bukharisulaiman,whalephotography,hamkajayasteem,btcchina
crazy-andy,yundai,lisbethseijas,btcchina
crosport,abegskuul,mohnasier,saifulanwar
cryptomaniacsgr,aldy1,ocian,
daiky69,gabybarboza,owen121,
dalexx,hiu,pida,
darrylnyk,jaicyjarc,putra-muda,
daryjean,kameng.ektren,worldcup-russia,
deathcloud,marling,zilin,
dubydoo25,mazaw94,zubett,
eikejanssen,muf,efend,
ellis.marell,panoramax,elisnext2you,
enisshkurti,riyani,girlsteem,
erune,riyani,halim-sbd,
fabinhocrypto,yama1,jenniferism,
fanen,achilless,jibril14,
fastold,afit0404,joshuasteem,
feryza,bardoka,kamuhuzuru,
followmikecee,beautifull,krteam,
frank4jesus,calixtojose,merijen,
free999enigma,djfunk,saiful46,
freyman,enzii,stopfacebook,
giosou,lebey1,tember,
giovaabbatichio,makhdi,andrean1,
golddeejay,miguelalar,auliaramadhn,
happyphoenix,miguelalar,danielcarrerag,
hellenita,nasier,daniellozada,
hendersonp,putramakmu,doles,
hevictor,randowhate,good-darma,
iexplore,riyani,israelbass,
ismailrafael,yuki-nee,jovannyp,
izuchukwu1506,abudaru,kamarudsteem,
jeanpi1908,bavon54,lamkuta,
jongaphuong,chiya,omonosa,
justdentist,dannybobo,phillips93,
jvb71,good-karmaaa,ravenkim,
katayah,gospo,ssatria743,
kati1971,jannaah,worldcup-russia,
katyusa,mayher,alpertr,
khairulmuammar,miguelalar,apamanah,
leob1234,ninjalaskar,ardiansyah,
lotto-austria,rehdan,curtaintwitcher,
louishugo,ricardox,ersa-siregar,
loukosporbola,riyani,gomessteem,
luisveco88,walepablo,musamalijames,
mariannelyr11,brownsteem,ottoma,
meins0815,contine,rayken04,
mhdriza,converse,rayshiuimages,
michaelwrites,davidsteem,rosmi,
momar,fahadpatel,soekahsoelong,
mrbreeziewrites,farrohahulfa,xtin5n6,
muhammadrizki96,frendsteem,yusdiana,
mushthafakamal,groensteem,zufrizal,
napscan,humairah,abiproud,
naysayer,jhoneysteem,arifsteem,
neemanbhat,penasantri,barpatek,
nigerian-yogagal,riyani,chanchuwei,
nikoleondas,sakri,charilnwr,
noobster,sammeyboj,dailafuentes,
paomrp,suxes,daniham,
pele23,tika,dektria,
potplucker,touresteem,draco.show,
preciousimo,yundai,eliisteem,
psi.acastillo,adafnnys,fayyadh,
psos,azzz,hafidh11,
ralr11,dienda,herman08,
raziadlani,dindanurul,hitler-jerman,
reyvaj,duniaini,hugosteem,
riodejaksiuroe,ellibet,josegregori,
rolexxy,elyanda,kamariah,
safwaninisam,fotcom,leasteem,
schlees,hassanbenali,lenasteem,
sir-lionel,imammugi,levissteem,
sljivanono,juancmz,lonastemit,
sony-albornoz,kintokris,nadyasteem,
steem16,miguelalar,petermail,
syberiacoin,nurr,randowhele,
tex73110,nuruldinda,rebatesteem,
tfq86,queen2v,rivalzzz,
thecolaguy,riyani,roelvi,
theheralds,sunny-rain,shaphir,
tobias-g,syukrii,urbas,
ukfootball,wynikilotto,xioran,
wildarahmi,cut.khairunnisa,akashhassan,
wilhb81,miguelalar,ernawati,
yusuf89,mrichter,girlsteem,
zafar82,trexxie,gizechluy,
abu-banderas,yunisnbr,hamkajayasteem,
afiqsejuk,zafiro.rosa,ihamquentin,
alexpkm,aimenparvez,joshuasteem,
alkmaar,danivilla,karinanunez,
amos811,dindanurul99,nameless16,
anshar,fahkrizein,rupok,
arabson1990,iin.sari,sabfuentes,
azyref,juan23jp,alexanderjunior,
bakti,kryptomat,codee,
balte,riyani,elisabet,
bossel,yudo,janemorane,
camiloferrua,zaki1,loncoba,
cekmailna,aluyeah,machiqui63,
chalidteuku,blues-wclouds,norkamoran,
chehkuna,dobrax,owoblow-steemit,
chinyerevivian,miguelalar,phillips93,
cinderz,netzisde,rataelamor,
cranium,pln,ryanmiswat,
cvrlo,siomara-2018,wagneruno,
dangerux,sunnypa,wr212,
danielrisee,boostert,arcticfoe,
davor27,ckarin,badnews,
diffuseloop,cut-sari,battebilly,
donaldlove,danielcosmos,chinotattooart,
dotwin1981,dewii,exqueila,
dylanhobalart,doc-for-life,guchtere,
emmauelalayemi,dominsco,shankstaicho,
feelsomoon,katerinejmv,sir.skillful1,
galasek,maloalejandro,tonie,
gamesandcrypto,nuroel,tonih85,
gidolee,rafiqah,anak123,
gracefavour,riyani,andkill,
gural0000,sarimanis,arsyad-aceh,
hafizullah,shintaa,calitoo,
heeyahnuh,sriwulan,danny.green,
hilladigahackles,stop40,disguarpe,
holycow,zidaneco,mntv,
horpey,abgjosesalas,nicomax,
ideas-abstractas,alito942010,reyana,
irmanreza,diego-ecoswell,saiful46,
jasiu,eduguai,saifulanwar,
jassennessaj,gaudisvalentina,sirpee,
jmhb85,lexymaine,themanwithnoname,
johnhtims,lonmar2018,zulkifli123,
josefinemk,miguelalar,aalejandroj,
julioromero,miguelalar,alexfly5,
kargul09,rachiid,glorysmilena,
karinxxl,rainelnvas,mandysp,
katerwurst,rickieflamez,marle718,
keivynkaiba,dewi.ratna,melor9,
kellyrsa,izalmabok,omarjs,
kryptomario,miguelalar,practicaleric,
lelon,miguelalar,rifki-fiqi,
lidsay,pitonnisam,rizalenjoy,
lintah,ploudredck,wr212,
m1rage-gaming,,erikapinto,
maiyude,,frank1in,
markus.light,,jckento,
massola,,jmehta,
masterthematrix,,milo.mar,
maulanazikri,,mrbean1,
michaelluchies,,netcy,
mirzacho,,okn,
mokambo,,sanne,
muelli,,alzamna,
naideth,,azizulhassan,
nascimentoab,,blackempror,
nzl19500,,deathlove,
orracle,,gabrielm07,
pignys,,godbet,
piotr42,,jkfarza,
pizzapai,,josuecy,
reiseamateur,,kenneth1,
remajaatjeh,,lauraac,
revisesociology,,lizfernandezg,
rextyge,,mimikombat,
riskipaloh,,nguyenthanh,
rmm31,,peeknpoke,
saladyn276,,reborca,
sevendst19,,rex10,
seyiodus,,thuzartun,
soy-venezuelien,,worldcup-russia,
starlost,,worldcup-russia,
stayoutoftherz,,agussalim2511,
steeminer4up,,anak123,
steemsoccer1,,leo-lobo-astral,
stefanyo,,marpemusic,
stevenmosoes,,mohnasier,
summisimeon,,saiful46,
supremeneo,,syidin,
syukriandira,,the-alien,
tiktik,,ufaz,
tomosan,,wr212,
umartantawi07,,deanliu,
walid321,,,
wolet,,,
yudie226,,,
yulimia,,,
yulismal,,,
yuzza20,,,
aceofsteem,,,
agungpriambodo,,,
alexaventuria,,,
almi,,,
alpayasteem,,,
andruto,,,
anyasiemmanuel,,,
arisviyo,,,
assasin,,,
bahriyeli,,,
barindo,,,
bboyady,,,
bellien,,,
bobskibob,,,
borran,,,
bruzzy,,,
byllan,,,
carlood,,,
chamudiliyanage,,,
cryptoandcoffee,,,
cypher01,,,
danieltarache,,,
donsztaja,,,
dreamrafa,,,
dwiitavita,,,
emrah67,,,
erop,,,
fotogruppemunich,,,
gelfire,,,
georgemales,,,
godwyn,,,
grizzabella,,,
guyfawkes4-20,,,
hadassa,,,
hafizul,,,
hitmeasap,,,
iamredbar,,,
ibeljr,,,
jamerin,,,
jamesha,,,
jaristeem,,,
javalord,,,
josediccus,,,
joythewanderer,,,
kanrat,,,
kasyi,,,
krasnalek,,,
lizanomadsoul,,,
lucyreloaded,,,
luth,,,
marcusbraeburn,,,
matuca,,,
mfestra,,,
minene,,,
montiamore,,,
mucar38,,,
nerdtopiade,,,
nextgen622,,,
nurulfazillah,,,
okean123,,,
omarbalzar,,,
photo-dig,,,
prettysnake,,,
ragnaros,,,
rolsonpatison,,,
ronalds,,,
saracampero,,,
shollstun,,,
sirdeza,,,
sokoloffa,,,
sporttr,,,
steem-d-anlovnit,,,
steemdolar,,,
steemitri,,,
team1,,,
team2dev,,,
timons,,,
tusroni,,,
unacomn,,,
veenang,,,
warthas,,,
wswoimzywiole,,,
zeroseven,,,
abh12345,,,
acehpungo,,,
addempsea,,,
alamboge,,,
ananda12,,,
andy23,,,
arnaldomcr12,,,
ayoldonya,,,
ayuramona,,,
bangone,,,
barmbo,,,
batubara,,,
bayeco06,,,
belemo,,,
borlan,,,
bosnia,,,
buchari,,,
caracasfrases,,,
chaggy32,,,
cointurk,,,
colon2018,,,
dexterdev,,,
dindasteem,,,
dontstopmenow,,,
drayhazz,,,
dreimaldad,,,
emma001,,,
emrebeyler,,,
epitaf,,,
erick777,,,
ertugrul,,,
faisaltaib,,,
farisi,,,
fikar22,,,
gabrielaa,,,
gio6,,,
gorekster,,,
hetty-rowan,,,
homesteadlt,,,
hugobohor,,,
ibrah87,,,
isnochys,,,
javicabrera,,,
jhonathan28,,,
jlordc,,,
joart3,,,
johnstone,,,
jojoga,,,
jonnahmatias1016,,,
junr,,,
kepkeeper,,,
khalis,,,
kidsreturn,,,
knozaki2015,,,
ksena,,,
long888,,,
luisangela,,,
mahlizarsafdi,,,
malahayati,,,
marczanto,,,
mballesteros,,,
messi12,,,
mkt,,,
moenawar,,,
muhammadibra,,,
muksalmi,,,
nessos,,,
nurulsteemit,,,
nzikak,,,
onegood,,,
osmania,,,
passat,,,
pepegusi,,,
practicemagic,,,
rajali,,,
rcebike,,,
rdvn,,,
ridwan-kamil,,,
rijal1,,,
rijalfrak,,,
sajkus,,,
samal,,,
sauronbey,,,
sazerac,,,
sgorenko,,,
srirahayu12,,,
steemgame,,,
stepbie,,,
sweetcha,,,
syllem,,,
symonp,,,
themanualbot,,,
tjcdc,,,
ugurarslanboga,,,
wrestlingworld,,,
youngboss,,,
yuniswety4,,,
zoltarian,,,
ablaze,,,
ace108,,,
acheever,,,
akar-rumput,,,
akmal1,,,
andreina89,,,
andresgo2000,,,
andrewade,,,
anomadsoul,,,
asm3,,,
autinf,,,
baart,,,
bate,,,
bengy,,,
cabobnb,,,
catheria,,,
cemke,,,
chrislyr,,,
cnandofer,,,
codypanama,,,
crisangel,,,
cristo,,,
cryptoheads,,,
culgin,,,
dael28,,,
danlloyd,,,
deliberator,,,
desmoniac,,,
dojeda,,,
dwaeji-aizelle,,,
enesgazioglu38,,,
engrbrain1,,,
eskmcdonnell,,,
g10a,,,
hasbydiaz,,,
hlezama,,,
huascargarcia,,,
imam03,,,
indrameong2,,,
jesusb63,,,
jesuscarrasquero,,,
josecarrasquero,,,
kemal13,,,
khairiati,,,
klw,,,
ladis,,,
lawlees,,,
maika169,,,
maks.molotskyy,,,
manuelgil64,,,
marie4love,,,
mariitabrito,,,
marvel1206,,,
mendezand,,,
mirda,,,
mr-neil,,,
mrshev,,,
muhammadsuheri,,,
mydivathings,,,
navaneeth,,,
nayya24,,,
neopch,,,
nicolaepavelean,,,
ninski,,,
nulliusinverba,,,
offgridlife,,,
ohakfarm,,,
ojmg,,,
olajidekehinde,,,
ozurumba,,,
pablitomoreno,,,
phortun,,,
polskiarrow,,,
porlacarretera,,,
profchydon,,,
queqtra,,,
ramengirl,,,
rehan12,,,
rigelmarco,,,
rinkashica,,,
ritfuse,,,
sanu,,,
sonime,,,
steemit-photo1,,,
sweetim,,,
tiatu,,,
upisteem,,,
uwelang,,,
vegaron,,,
wondermom,,,
xtramedium,,,
yantisteem,,,
zool237,,,
abeh,,,
adiza,,,
alla-kopica,,,
amazingwoman,,,
andrepal,,,
angs,,,
arunava,,,
aulnyaksyabandi,,,
bangmimi,,,
beany-inhinyero,,,
benab,,,
bergk,,,
bilklen,,,
bmotives,,,
bretn,,,
briggsy,,,
caprico,,,
ceparl,,,
chadrona,,,
chanchuy,,,
cheka,,,
danes,,,
davidad,,,
dee-y,,,
derle,,,
djoker,,,
doctorjohn,,,
dragonking,,,
dropthebeat,,,
fanver,,,
feebie,,,
fidelmboro,,,
fieon,,,
generation,,,
giov,,,
glean,,,
gniksivart,,,
grof,,,
heriadi,,,
hostfatan,,,
ifeanyichukwu,,,
insideoutlet,,,
iqbaladan,,,
josoft,,,
jovema,,,
jramirezviera,,,
kahso,,,
katteasis,,,
keugalak,,,
kirstin,,,
kristinayu,,,
kroby31,,,
ladyrebecca,,,
lavanyalakshman,,,
lejen,,,
leribyleri,,,
lingkargayo,,,
martan,,,
mathetes,,,
matkodurko,,,
maxwell95,,,
mboro,,,
mediahousent,,,
molarity,,,
muhammadan,,,
neder,,,
neoconqueso,,,
oguzhangazi,,,
omstavan,,,
orcheva,,,
perlia,,,
peterakpan,,,
planosdeunacasa,,,
punky,,,
r351574nc3,,,
ranni,,,
raserrano,,,
rimasteem,,,
riovanes,,,
ritxi,,,
ronaldoavelino,,,
roquejr,,,
rosaimm,,,
samwe,,,
sandrade,,,
sherylneil,,,
sindra,,,
sinsue,,,
solnamu,,,
sonofgod87,,,
soydiegorojas,,,
steemflow,,,
stevenson7,,,
stnr,,,
sunsu,,,
tcpaikano,,,
tezmel,,,
theje,,,
v1tko,,,
voiceoff,,,
wa2qr,,,
waybeyondpadthai,,,
x-2blem-x,,,
xerox-bru,,,
zeusqraqen,,,
zikra,,,
zorank,,,
adiforever,,,
adimantong,,,
afigueroa,,,
akbarsanjani,,,
alejandrocpte,,,
alfredmusic,,,
altobee,,,
amryksr,,,
appleskie,,,
artemisjane26,,,
astrophoto.kevin,,,
banjjakism,,,
batuhoca,,,
berkat,,,
bmj,,,
buggedout,,,
cetb2008,,,
cindycam,,,
cradle,,,
datilla,,,
donnest,,,
elmac,,,
elshadr,,,
enrique89,,,
erikklok,,,
faruqomer,,,
fata2010,,,
fat-elvis,,,
fluencee,,,
footsteem,,,
get-it-done,,,
guada1,,,
hirasane,,,
h-unit,,,
iammanish,,,
ijmmai,,,
jadams2k18,,,
jie28,,,
jmuda,,,
joachimabara,,,
joelagbo,,,
joy2018t,,,
kagantrky,,,
khairilafdhal,,,
kinakomochi,,,
klen.civil,,,
koenau,,,
liamunizar,,,
loladelolz,,,
mamenk,,,
marquezj,,,
mhdfajar,,,
mightymicke,,,
mimistar,,,
muh543,,,
munir91,,,
osmerj,,,
pinguart,,,
pkmmm,,,
rahmee,,,
rizal-sahabat,,,
rufusfirefly,,,
sakda,,,
sathyasankar,,,
sharliep,,,
shifaadi,,,
shin0288,,,
sofianmbs,,,
sonic1494,,,
stargreen,,,
steemangelc,,,
steemforez,,,
sukhothai,,,
taktoys,,,
tarazkp,,,
tripleem,,,
veronicaparente,,,
wangimnida,,,
xiow-loch,,,
yehtetaung,,,
zekans84,,,
abcallen,,,
adnanrabbani,,,
aellly,,,
aliyah2017,,,
annaburska,,,
atafauzan79,,,
bangbadem,,,
berj,,,
bji1203,,,
btcsam,,,
bustamam,,,
camilus,,,
celsius100,,,
cknr7,,,
cloudspyder,,,
codingdefined,,,
coretan,,,
cryptobols,,,
cryptomonitor,,,
darryljonesjr,,,
deadzy,,,
dejan.vucovic,,,
dewe,,,
deyvich,,,
dizzyapple,,,
dubem-eu,,,
edopramuja,,,
eeeps.sh7,,,
efsane60,,,
elmetro,,,
embohor,,,
enje,,,
ericet,,,
filippaadele,,,
focusnow,,,
fredy93,,,
fullcoverbetting,,,
gidung,,,
goarde,,,
honeybngd,,,
honeydue,,,
hungryhustle,,,
iwrite,,,
jacknaxter,,,
jacos,,,
jemsmc,,,
jongo,,,
joseg,,,
kamesh,,,
karbu,,,
karupanocitizen,,,
kasanova-0109,,,
kunrishartanto,,,
lovehaswon,,,
lulucy,,,
m25091984,,,
marteno,,,
mefio,,,
memni,,,
muna84,,,
nuges,,,
odigetti,,,
oscar21vander,,,
pangoli,,,
pappubhai,,,
pikachu35,,,
rohen,,,
ronggo-warsito,,,
rusinho027,,,
saddam93,,,
sanjos,,,
sayar,,,
shamuel,,,
shyuk3655,,,
silverade,,,
siren7,,,
sirsticks,,,
sofian88,,,
soniamekka,,,
stardivine,,,
steem.lumens,,,
steemerap,,,
steemitdiversify,,,
susei,,,
tirem,,,
tomhall,,,
toniettieeee,,,
tydebbie,,,
uykusuz,,,
abiye,,,
afefe,,,
agbona,,,
agussalim,,,
aikochan,,,
airdropking,,,
amico,,,
amora,,,
amri,,,
amrizal01,,,
anaaliendres87,,,
armiaaceh,,,
bitpizza,,,
cekismail,,,
christopherk,,,
clistmaint,,,
coolthings,,,
crypto-econom1st,,,
czcibor360,,,
danieldedosd2,,,
dannytroniz,,,
dariomac34,,,
darius86,,,
darruiz,,,
emekasegun,,,
fastfingers,,,
frankcalvo,,,
fujoshi94,,,
giddyupngo,,,
hwantag,,,
iqbalsweden,,,
joalvarez,,,
joordanzzz,,,
jumargachomiano,,,
junef,,,
knowledge-seeker,,,
kona,,,
kutra,,,
lapb,,,
lebekons,,,
leeart,,,
liuzg,,,
marinaaa,,,
masril,,,
meghna90,,,
mfxqaq,,,
mgel,,,
mhm-philippines,,,
mittymartz,,,
munirpriawan,,,
naruitchi,,,
nowonline,,,
owner99,,,
pannikt,,,
pedroi,,,
peman,,,
ppita,,,
putry01,,,
rahmayana,,,
reconnectnature,,,
rizaldesu,,,
scarletmedia,,,
shiroe,,,
sirtorito,,,
steliosfan,,,
sugandhaseth,,,
sury,,,
suryasteem22,,,
travelnepal,,,
vicspics,,,
volkandgnn,,,
wakjems,,,
welshstacker,,,
windaandriani,,,
yusran11,,,
zulfadli,,,
acmilan,,,
acromott,,,
adien705,,,
afriaulia,,,
agnesdeerika,,,
akdx,,,
albireueny,,,
alexicp,,,
alif36,,,
aligaby89,,,
amirtheawesome1,,,
archetypal,,,
ayijufridar,,,
azroel,,,
azwarrangkuti,,,
babsi,,,
bangmax,,,
betbuddha,,,
billionairehein,,,
blessedsteemer,,,
blogiwank,,,
bookrak,,,
busana,,,
catwomanteresa,,,
clicked,,,
crookshanks,,,
daniel17,,,
denh,,,
dexpartacus,,,
dhavey,,,
djoi,,,
docudai-jun,,,
dolov,,,
dumar022,,,
dune69,,,
erinabilalmim,,,
fadhilaceh,,,
farkparck,,,
favcau,,,
focusfit,,,
freecrypto,,,
gabyen3d,,,
garciaayu,,,
germansailor,,,
grzyb77,,,
ikrahch,,,
information7,,,
irvinc,,,
iwansunarya,,,
julioccorderoc,,,
korexe,,,
larrydavid4,,,
lichtcatchtoby,,,
macchiata,,,
makhzar,,,
maryelis,,,
marylin,,,
masykurbrk,,,
maurocostarica,,,
mirrors,,,
moon32walker,,,
munadikiehl,,,
niallon11,,,
olatun,,,
opeyemioguns,,,
oscarfranco06,,,
primi,,,
rahmats,,,
raizalorant,,,
rajone,,,
redouanemez,,,
redtravels,,,
reinmar,,,
riceowladam,,,
richhz06,,,
rinaisland,,,
rokyupjung,,,
salamet,,,
sisygoboom,,,
steaknsteem,,,
steemek,,,
steemjoo,,,
stephde,,,
switchback27,,,
syedumair,,,
takin,,,
travoved,,,
truconspiracy,,,
woytek,,,
yaibak,,,
yayita,,,
zaxan,,,
aabidemi,,,
abdulmath,,,
abuarkan,,,
acidyo,,,
androssgb,,,
angelica7,,,
antigenx,,,
antone,,,
apaqie,,,
apsistrading,,,
archildo,,,
arulchandra,,,
atta09,,,
bcrafts,,,
bellsucristo,,,
bigbos99,,,
birdelifurki,,,
blazed,,,
braaiboy,,,
castleberry,,,
caturrox,,,
cinelonga,,,
cloudbrea,,,
czera,,,
dabbey,,,
dayana82,,,
diantbi,,,
diebitch,,,
djkrad,,,
edy90,,,
elektr1ker,,,
elocuenciadsnuda,,,
eyeofthemind,,,
good21,,,
hasmez,,,
hatoto,,,
hery0823,,,
holabisi,,,
holybranches,,,
hustle247,,,
impatientoptim,,,
ingenierogabriel,,,
insculpt,,,
jamesmovic,,,
janusface,,,
jinotech,,,
johnarvee12,,,
josecarrerag,,,
kex,,,
khalidharun,,,
kiddady,,,
kingmotan,,,
korshed,,,
laloretoyya,,,
laqsking,,,
luiskywalker,,,
lukmarcus,,,
marcocarrasquel,,,
marcusantoniu26,,,
marivic10,,,
milopepper,,,
momekato,,,
monajam,,,
musicayfarandula,,,
nordina,,,
ofir87,,,
ojap02,,,
ola-haukland,,,
omitaylor,,,
oscarcede,,,
phderoes,,,
phillip20steem,,,
ralk98,,,
ran.koree,,,
rian46,,,
rizki94,,,
samiun,,,
sanach,,,
sebastiaaan,,,
snurk,,,
steeimran,,,
stormrobertson,,,
thesky,,,
thompson2,,,
toniesteem,,,
travelgirl,,,
tulhachouhdry,,,
vandadream,,,
vicmir,,,
williams21,,,
yanakellen,,,
zhaky,,,
adrian11,,,
alexandrafv,,,
alfamano,,,
amosbastian,,,
anis09,,,
apadet90,,,
arie85,,,
aungzawhtwe,,,
barvon,,,
benlegend-1,,,
cameron99,,,
carlosfbass,,,
carmen6565,,,
cherylsonty,,,
clenvielma,,,
cocosteven,,,
cosminblaga,,,
detlev,,,
dexent,,,
drqamranbashir,,,
drsensor,,,
elteamgordo,,,
fahmidamti,,,
fandelkefir,,,
frostie-lebron,,,
henlicps,,,
herlife,,,
humoalex,,,
informet,,,
inna-yatsuk,,,
isabelpena,,,
jackss,,,
jesusdrp,,,
juliolunar,,,
jumaidi,,,
kal-el,,,
kapitanpolak,,,
kay1,,,
kingeazi,,,
luciana.malave,,,
luingrid.guerra,,,
luja,,,
makemoneynow,,,
manofwar,,,
marcosteem,,,
mariajose440,,,
mcfarhat,,,
mirzatanjongan,,,
mumma-monza,,,
nakamura,,,
neupanedipen,,,
ninoh22,,,
novianti.idr,,,
nurulhusna1,,,
opibarker,,,
peterpa,,,
poenbit,,,
pollux.one,,,
por500bolos,,,
rabihfarhat,,,
raisul,,,
richgang,,,
roadbet,,,
ted7,,,
tfeldman,,,
trust-me,,,
viktor1414,,,
wladimircarrera,,,
yolisanchez,,,
yordin,,,
yulianoviza,,,
zaimrofiqi,,,
zouls,,,
ahmadnizari,,,
ajcardib,,,
allwork,,,
anggreklestari,,,
anixio,,,
bahagia-arbi,,,
banguri,,,
bitland,,,
borban,,,
brigadelpg,,,
bym,,,
cesinfenianos,,,
chiboyzz,,,
city-of-dresden,,,
dab.panda,,,
deadman1,,,
detropolla,,,
djamidjalal,,,
dray91eu,,,
edgarf1979,,,
ehsan888,,,
elmagodeozcar,,,
emekacollins,,,
ernick,,,
faiyazmahmud,,,
falopey,,,
fatherfaith,,,
femcy,,,
fidelricardo132,,,
fragmentarion,,,
franciscana23,,,
francismoure,,,
ganjagirls,,,
goldbaba1,,,
gosainkund,,,
hanna900,,,
hanshotfirst,,,
hayomi,,,
jasonshick,,,
joromi,,,
josealbertomg71,,,
kagura21,,,
karchady,,,
karenb54,,,
karenmckersie,,,
kingfunny,,,
kyawphyo,,,
leomolina,,,
literaturkritik,,,
luengonzalez,,,
makney,,,
mghufroncholid31,,,
millerava,,,
nationall,,,
obamike,,,
odangsteem,,,
omerbayrak,,,
oraclefrequency,,,
osc10,,,
pacoandujar,,,
pardus,,,
photo-moment,,,
ptcmyanmar,,,
ramsesuchiha,,,
scorpioons,,,
serialfiller,,,
sistem,,,
sofiab,,,
sportschallenge,,,
steeemlover,,,
syawalkoki,,,
thomaslucania,,,
ulqu3,,,
vidafitnessfeliz,,,
wales007,,,
westcoasteagles,,,
westendgirl2000,,,
writeit,,,
xawi,,,
yameen,,,
yanboretskyi,,,
yasayanoluler,,,
yos.dikuta,,,
zulfikaraw,,,
aguero41,,,
airmatti,,,
alexanderlara,,,
arie.steem,,,
billthecipher,,,
broncofan99,,,
ciroux,,,
city-of-berlin,,,
ciuoto,,,
claudiaarcamone,,,
coccodema,,,
davidgermano,,,
davix25,,,
dboontje,,,
diogosantos,,,
dmytrokorol,,,
dragibusss,,,
edxserverus,,,
elgringo79,,,
eli1107,,,
ervin-lemark,,,
frangel,,,
gianluccio,,,
giobarco,,,
girolamomarotta,,,
green77,,,
hag228,,,
hansheng,,,
hengis341,,,
hrissm,,,
irsyadillah,,,
izaid,,,
jacksonmil980,,,
jmotip,,,
juanmolina,,,
karepo,,,
kuxon,,,
lanzjoseg,,,
lapanterarosa,,,
liumei,,,
luc.real,,,
maeugenia,,,
marinesb,,,
marlozad,,,
martin.rotter,,,
marting,,,
masterwali,,,
maxinpower,,,
may0201,,,
mekky,,,
moncia90,,,
myperfectblog,,,
nahaha,,,
nellabc,,,
neyi24,,,
noman.rider,,,
numpypython,,,
pacokam8,,,
palikari123,,,
patry,,,
regenin,,,
rmach,,,
rnunez09,,,
saimegh,,,
sajidulislam,,,
samirich,,,
sanhtun,,,
sayee,,,
skepticology,,,
stea90,,,
stiflermadness,,,
stimp1024,,,
tcapit,,,
tixinhacapitinha,,,
total88,,,
trbtc,,,
tszunami,,,
vanessapineda7,,,
wadepaterson,,,
weidmann,,,
xplore,,,
yellowbird,,,
yumyumseth,,,
adeyemidrey,,,
agus17,,,
akiripromise,,,
anikys3reasure,,,
ata27,,,
aungsuccess,,,
bowess,,,
bustanul,,,
canburaksimsek,,,
carolinacardoza,,,
ced000,,,
cryptocurator,,,
dianaabreu,,,
dtwo,,,
eddard,,,
el-cr,,,
elplaga,,,
engchitchat,,,
eprolific,,,
erikaa,,,
fredkese,,,
g-e-m-i-n-i,,,
gengua,,,
georpi,,,
ghdcks10,,,
greciav,,,
gusvzla,,,
iseeyouvee,,,
japanguide,,,
jcalero,,,
joel1220,,,
kelos,,,
kingabesh,,,
kylestam,,,
luis07,,,
mahlil88,,,
mamacharo,,,
manueljcb-85,,,
mariajruizb,,,
marylaw,,,
masenjang,,,
mineopoly,,,
mrzurkon,,,
mukhsin92,,,
mynameisricky,,,
ncho321,,,
neo-wiza,,,
nevies,,,
nfelix92,,,
ninjadroidx,,,
ninoh11,,,
nova-nazirah,,,
omowumi,,,
osariemen,,,
pagliozzo,,,
parryinecstasy,,,
paskha,,,
patymm,,,
piansirijp,,,
poetrybyjeremy,,,
pyorinho,,,
reimerlin,,,
rezaleoni,,,
ross-early,,,
roxyca,,,
rubendariogil,,,
saifulrahmad,,,
sajib7,,,
salvao,,,
sayaraungko96,,,
shortcut,,,
sinochip,,,
sourovafrin,,,
sportsjrfc2018,,,
steemnepal,,,
steem-promote,,,
tahsin0223,,,
temitayo-pelumi,,,
tharpauk,,,
theborges,,,
themightyvolcano,,,
thirdeye7,,,
tinytaruen,,,
tonimontana,,,
varavko302,,,
verygod,,,
vikebun,,,
wanted01,,,
withsmn,,,
wwstreet,,,
zoneboy,,,
adetola,,,
adrianvillalobos,,,
ajrivas93,,,
andesign,,,
ange.nkuru,,,
anna89,,,
bafi,,,
banglambang,,,
bil.prag,,,
boddhisattva,,,
bulukatsilei,,,
bunda,,,
butterb,,,
chosu,,,
cjofficial,,,
cobadile,,,
culinaryevening,,,
dendo,,,
desphouswife,,,
dontador,,,
dop-dop,,,
drawingpencil,,,
dukdeng,,,
eduagf1,,,
ehmkannde,,,
elleok,,,
ervinneb,,,
euggud,,,
fajri,,,
fernando.lubezki,,,
giselacan,,,
gmaktub,,,
hannihusen,,,
inovatips,,,
jacksonoskele,,,
jacobite,,,
jasm,,,
javehimself,,,
johannfrare,,,
kissi,,,
lecumberre,,,
lemlemsteem,,,
lovst,,,
lyly2003,,,
markkujantunen,,,
matinho,,,
mdominicorobin,,,
metalman,,,
metzli,,,
misomaniac,,,
miti,,,
muklisin,,,
mzakybrt,,,
neiraurdaneta,,,
nikossa1908,,,
onyima,,,
orangkaya,,,
pakkeplor,,,
ragnar94,,,
rajamelisandolar,,,
rijalaronaceh,,,
ryanfirdaus,,,
sandrapatricia,,,
sargoon,,,
sarkostas,,,
sevinwilson,,,
solcross,,,
soyrosa,,,
sroka87,,,
steelman,,,
steem-upvote,,,
sumen,,,
susahseunang,,,
taminites,,,
tibra,,,
tychoxi,,,
unataldani,,,
usaha,,,
wilbertmh,,,
williamsq,,,
yirbeel,,,
zainifahkrizal,,,
zairildamti,,,
zeul,,,
agememnon,,,
amalmez,,,
aminaton,,,
amirozil,,,
anaman,,,
andremit,,,
antoniomontilva,,,
anzir86,,,
anzirpasai,,,
bezmozg,,,
bkkshadow,,,
byltc,,,
carlitojoshua,,,
chuuuckie,,,
cmoljoe,,,
damian-z,,,
daveonarrival,,,
dksart,,,
ekavieka,,,
enforcer48,,,
e-rich,,,
ericka,,,
good.karna,,,
hasanali2,,,
haslek,,,
hazem91,,,
heartbeat1515,,,
heros,,,
herverisson,,,
iabuse,,,
idayrus,,,
i-gordan,,,
imamalkimas,,,
imbigdee,,,
imperfect-one,,,
jaki01,,,
jianan,,,
jingis07,,,
jose27117,,,
joseantpp,,,
junot,,,
jwilhelm87,,,
kalypso56,,,
kamiikazer,,,
kanizkhan,,,
killbill73,,,
komenk81,,,
laniakea1,,,
livinguktaiwan,,,
lordjames,,,
luism86,,,
lunaticpandora,,,
lydon.sipe,,,
mad-runner,,,
medical-hall,,,
medicenlize,,,
moneybaby,,,
muhammad-reza,,,
normanakbar,,,
nuraini88,,,
okipeter,,,
oyec,,,
palmerjm1,,,
paos,,,
polishcraftbeers,,,
praful,,,
predestination,,,
ragnar29,,,
rainbowlord,,,
rezaabu,,,
rharphelle,,,
richeros,,,
roadstories,,,
rokz,,,
romulexx,,,
room9,,,
ropavejero,,,
rqub,,,
sanji,,,
shikamaru,,,
shikamaru-nara,,,
shirani,,,
slwzl,,,
solute,,,
spellmaker,,,
steemiteruy,,,
suffragator,,,
teeflow,,,
teofilex11,,,
v4vapid,,,
valentin86,,,
vallesleoruther,,,
vitafl02,,,
weitblicker,,,
yethui,,,
yungchief,,,
zainuddin88,,,
zam398,,,
zimatovi,,,
abiel,,,
alfaykami,,,
alsteemit,,,
andriy-r,,,
askari,,,
asnita,,,
beleg,,,
bipul,,,
charitybot,,,
creative-mind,,,
dariela25,,,
dongentle2,,,
drago18121996,,,
duranzo89,,,
eddy-ghost,,,
esteemsssj,,,
felixcohelo,,,
felixgarciap,,,
francismg,,,
full-measure,,,
gabob25,,,
genesisojeda,,,
gypsyfortune,,,
hispeedimagins,,,
iamstan,,,
imisstheoldkanye,,,
inlakech,,,
irwan90,,,
itikna09,,,
izzrael,,,
jhonmaks,,,
jmetroya,,,
kamchore,,,
kevinfm,,,
kimbygrr,,,
koayezaw,,,
kolapo1,,,
komoezaw,,,
kryptoe,,,
lablockchain,,,
lighteye,,,
longberry,,,
lordrayden,,,
macspeaks,,,
malonmar,,,
maxiemoses-eu,,,
mhizsophie,,,
milano1113,,,
moriartyroue,,,
muhammadalikatu,,,
mukhtar9,,,
muzaifwani,,,
nawar93,,,
orbital753,,,
pkocjan,,,
poesteemit,,,
portalmine,,,
r00sj3,,,
reciclajeymas,,,
riandi,,,
robertonavs,,,
rosepac,,,
rothberg,,,
saleg25,,,
sbamsoneu,,,
sciack,,,
sergioambro,,,
shuta,,,
singhtheripper,,,
tasauver,,,
tymono,,,
ungest,,,
verasj,,,
vicrivasr,,,
victorsilab,,,
vika212,,,
winniemalvado,,,
wizzybright,,,
xabi,,,
yuliya80,,,
zahrialzah,,,
zoexantelamv,,,
acostajd,,,
aledania,,,
alfajri78,,,
alisabelsilva,,,
altafwani,,,
ambarabby,,,
amugae,,,
andii,,,
anikearn,,,
anouk.nox,,,
artelis,,,
artz,,,
ashirkev,,,
beta23,,,
bibiuz,,,
blessing2002,,,
cassidyandfranks,,,
cefralelo,,,
colovhis,,,
cristterr13,,,
cunigarro,,,
delighty,,,
dennis22,,,
ebitularmbert,,,
edgarirebeca,,,
elion,,,
emmali,,,
fidmary,,,
football-365,,,
frdem3dot0,,,
futurefarmers,,,
futurethinker,,,
gabriel.ncl,,,
georgechuks,,,
ghazzahraa,,,
gratamaster,,,
hafez,,,
haiza,,,
har99,,,
haraza,,,
henryn2020,,,
icomment,,,
imagendevoz,,,
itrmarcusliew,,,
jedigeiss,,,
jjrodrigz13,,,
josephinengpy,,,
joshuaedoja,,,
khimgoh,,,
khrom,,,
kyawsantun,,,
lichtblick,,,
littlevoice,,,
luiscd8a,,,
luneknight,,,
manokna,,,
matute8029,,,
mellissaying,,,
mervin-gil,,,
michaeljazz,,,
milosm2302,,,
moniristi,,,
mrashik,,,
mywhale,,,
osmanlemus,,,
palomot,,,
pelvis,,,
petermarie,,,
pits7,,,
raj808,,,
ramonoropeza,,,
rigor,,,
roonyy,,,
roshan77,,,
sabine-reichert,,,
sajjadk,,,
shihabieee,,,
smanuels,,,
sneikder,,,
sofiapaola,,,
steemit-vn,,,
stephalt,,,
stimialiti,,,
theguruasia,,,
thewitchdoctor,,,
vincy,,,
williem,,,
xxsamu,,,
xz2580,,,
yaribel,,,
zulycost,,,
bridgetoby,,,
davidfar,,,
dolarsgrig,,,
haryour,,,
lorreta,,,
lucyogo,,,
neduejianya,,,
osigbhemeh,,,
princesson,,,
